"","radius","emddim","delay","filename","opt_dim","opt_delay","opt_rad"
"1",NA,NA,NA,"Study1D0S101T10_f0.txt",5,36,15.3493547228842
"2",5.71778888907858,3,35,"Study1D0S101T2_f0.txt",5,36,15.3493547228842
"3",7.5264557011784,3,40,"Study1D0S101T5_f0.txt",5,36,15.3493547228842
"4",12.3824487411124,4,21,"Study1D0S101T6_f0.txt",5,36,15.3493547228842
"5",13.387109701422,3,25,"Study1D0S101T7_f0.txt",5,36,15.3493547228842
"6",NA,NA,NA,"Study1D0S101T8_f0.txt",5,36,15.3493547228842
"7",13.2895287431875,7,49,"Study1D0S101T9_f0.txt",5,36,15.3493547228842
"8",25.4718285312528,7,26,"Study1D0S102T1_f0.txt",5,36,15.3493547228842
"9",10.2215296429414,5,35,"Study1D0S102T10_f0.txt",5,36,15.3493547228842
"10",14.2011597989006,4,37,"Study1D0S102T2_f0.txt",5,36,15.3493547228842
"11",18.2272100644881,5,40,"Study1D0S102T3_f0.txt",5,36,15.3493547228842
"12",16.5483999468711,4,28,"Study1D0S102T4_f0.txt",5,36,15.3493547228842
"13",11.7340455703047,4,23,"Study1D0S102T5_f0.txt",5,36,15.3493547228842
"14",20.1782708228096,6,49,"Study1D0S102T6_f0.txt",5,36,15.3493547228842
"15",21.4974860639909,5,35,"Study1D0S102T7_f0.txt",5,36,15.3493547228842
"16",16.2458165189291,7,48,"Study1D0S102T8_f0.txt",5,36,15.3493547228842
"17",33.8812887724228,8,42,"Study1D0S102T9_f0.txt",5,36,15.3493547228842
"18",22.5967971294087,5,30,"Study1D0S103T1_f0.txt",5,36,15.3493547228842
"19",9.01945441944609,3,40,"Study1D0S103T10_f0.txt",5,36,15.3493547228842
"20",25.7608446911857,8,45,"Study1D0S103T2_f0.txt",5,36,15.3493547228842
"21",6.33893882731322,3,45,"Study1D0S103T3_f0.txt",5,36,15.3493547228842
"22",10.6978173515401,3,37,"Study1D0S103T4_f0.txt",5,36,15.3493547228842
"23",17.7583894311321,6,25,"Study1D0S103T5_f0.txt",5,36,15.3493547228842
"24",27.5788922792778,5,45,"Study1D0S103T6_f0.txt",5,36,15.3493547228842
"25",19.0225508375409,4,22,"Study1D0S103T7_f0.txt",5,36,15.3493547228842
"26",NA,NA,NA,"Study1D0S103T8_f0.txt",5,36,15.3493547228842
"27",35.3618945826725,8,30,"Study1D0S103T9_f0.txt",5,36,15.3493547228842
"28",8.79108692264786,6,23,"Study1D0S104T1_f0.txt",5,36,15.3493547228842
"29",NA,NA,NA,"Study1D0S104T10_f0.txt",5,36,15.3493547228842
"30",3.83191346098148,6,28,"Study1D0S104T2_f0.txt",5,36,15.3493547228842
"31",11.8621631301858,7,29,"Study1D0S104T3_f0.txt",5,36,15.3493547228842
"32",10.6359252194597,4,26,"Study1D0S104T4_f0.txt",5,36,15.3493547228842
"33",8.06304822410213,3,49,"Study1D0S104T5_f0.txt",5,36,15.3493547228842
"34",7.21928336667423,3,30,"Study1D0S104T6_f0.txt",5,36,15.3493547228842
"35",7.3707598234113,4,49,"Study1D0S104T7_f0.txt",5,36,15.3493547228842
"36",7.19103066638431,8,49,"Study1D0S104T8_f0.txt",5,36,15.3493547228842
"37",12.704448567193,6,23,"Study1D0S104T9_f0.txt",5,36,15.3493547228842
"38",5.13024386409594,6,30,"Study1D0S105T1_f0.txt",5,36,15.3493547228842
"39",15.2843599421684,7,17,"Study1D0S105T10_f0.txt",5,36,15.3493547228842
"40",11.0289882755257,4,39,"Study1D0S105T2_f0.txt",5,36,15.3493547228842
"41",14.1222595145711,6,25,"Study1D0S105T3_f0.txt",5,36,15.3493547228842
"42",NA,NA,NA,"Study1D0S105T4_f0.txt",5,36,15.3493547228842
"43",17.5468553911405,8,22,"Study1D0S105T5_f0.txt",5,36,15.3493547228842
"44",NA,NA,NA,"Study1D0S105T6_f0.txt",5,36,15.3493547228842
"45",25.8773511832217,7,25,"Study1D0S105T7_f0.txt",5,36,15.3493547228842
"46",5.53794810593407,5,24,"Study1D0S105T8_f0.txt",5,36,15.3493547228842
"47",9.0048714963683,4,47,"Study1D0S105T9_f0.txt",5,36,15.3493547228842
"48",10.2065097176897,7,21,"Study1D0S106T1_f0.txt",5,36,15.3493547228842
"49",2.57609438650062,5,14,"Study1D0S106T10_f0.txt",5,36,15.3493547228842
"50",20.1888027492971,10,34,"Study1D0S106T2_f0.txt",5,36,15.3493547228842
"51",12.9301798513015,7,37,"Study1D0S106T3_f0.txt",5,36,15.3493547228842
"52",NA,NA,NA,"Study1D0S106T4_f0.txt",5,36,15.3493547228842
"53",3.5539150068869,6,49,"Study1D0S106T5_f0.txt",5,36,15.3493547228842
"54",15.8142876309608,10,37,"Study1D0S106T6_f0.txt",5,36,15.3493547228842
"55",6.47806381765424,4,47,"Study1D0S106T7_f0.txt",5,36,15.3493547228842
"56",3.72547491112691,7,13,"Study1D0S106T8_f0.txt",5,36,15.3493547228842
"57",6.11531494111617,4,40,"Study1D0S106T9_f0.txt",5,36,15.3493547228842
"58",10.2220528015026,3,49,"Study1D0S107T1_f0.txt",5,36,15.3493547228842
"59",10.5455887754429,5,49,"Study1D0S107T10_f0.txt",5,36,15.3493547228842
"60",26.370010585738,7,31,"Study1D0S107T2_f0.txt",5,36,15.3493547228842
"61",NA,NA,NA,"Study1D0S107T3_f0.txt",5,36,15.3493547228842
"62",18.9477521558485,3,45,"Study1D0S107T4_f0.txt",5,36,15.3493547228842
"63",11.0382820952416,5,34,"Study1D0S107T5_f0.txt",5,36,15.3493547228842
"64",13.3182536275779,4,41,"Study1D0S107T6_f0.txt",5,36,15.3493547228842
"65",180.113548059099,11,24,"Study1D0S107T7_f0.txt",5,36,15.3493547228842
"66",12.4105452343612,3,41,"Study1D0S107T8_f0.txt",5,36,15.3493547228842
"67",25.6206008319079,7,44,"Study1D0S107T9_f0.txt",5,36,15.3493547228842
"68",27.7414641756358,3,34,"Study1D0S108T1_f0.txt",5,36,15.3493547228842
"69",28.2966851148432,9,41,"Study1D0S108T10_f0.txt",5,36,15.3493547228842
"70",39.1924604031349,5,49,"Study1D0S108T2_f0.txt",5,36,15.3493547228842
"71",23.9807735864347,4,33,"Study1D0S108T3_f0.txt",5,36,15.3493547228842
"72",47.6903545320198,9,44,"Study1D0S108T4_f0.txt",5,36,15.3493547228842
"73",19.6160062460393,6,40,"Study1D0S108T5_f0.txt",5,36,15.3493547228842
"74",29.4600680115274,4,49,"Study1D0S108T6_f0.txt",5,36,15.3493547228842
"75",19.487652447902,3,39,"Study1D0S108T7_f0.txt",5,36,15.3493547228842
"76",21.2856679483465,3,37,"Study1D0S108T8_f0.txt",5,36,15.3493547228842
"77",74.6951352231344,13,41,"Study1D0S108T9_f0.txt",5,36,15.3493547228842
"78",NA,NA,NA,"Study1D0S109T1_f0.txt",5,36,15.3493547228842
"79",40.3170929310638,5,36,"Study1D0S109T10_f0.txt",5,36,15.3493547228842
"80",59.5509457709947,7,33,"Study1D0S109T2_f0.txt",5,36,15.3493547228842
"81",23.9172795260257,4,27,"Study1D0S109T3_f0.txt",5,36,15.3493547228842
"82",NA,NA,NA,"Study1D0S109T4_f0.txt",5,36,15.3493547228842
"83",29.0033530277203,4,25,"Study1D0S109T5_f0.txt",5,36,15.3493547228842
"84",40.7396690986204,4,49,"Study1D0S109T6_f0.txt",5,36,15.3493547228842
"85",24.5843082231917,4,39,"Study1D0S109T7_f0.txt",5,36,15.3493547228842
"86",55.7005091602943,8,24,"Study1D0S109T8_f0.txt",5,36,15.3493547228842
"87",69.6922043342148,11,46,"Study1D0S109T9_f0.txt",5,36,15.3493547228842
"88",NA,NA,NA,"Study1D0S110T1_f0.txt",5,36,15.3493547228842
"89",9.36024314206469,8,8,"Study1D0S110T10_f0.txt",5,36,15.3493547228842
"90",14.7882073055693,3,22,"Study1D0S110T2_f0.txt",5,36,15.3493547228842
"91",6.72329727583377,7,30,"Study1D0S110T3_f0.txt",5,36,15.3493547228842
"92",31.9319324404842,7,23,"Study1D0S110T4_f0.txt",5,36,15.3493547228842
"93",5.92172719169111,3,26,"Study1D0S110T5_f0.txt",5,36,15.3493547228842
"94",10.3248964276283,3,6,"Study1D0S110T6_f0.txt",5,36,15.3493547228842
"95",22.5080493798565,5,48,"Study1D0S110T7_f0.txt",5,36,15.3493547228842
"96",10.5852369481031,6,25,"Study1D0S110T8_f0.txt",5,36,15.3493547228842
"97",24.0257537749682,4,32,"Study1D0S110T9_f0.txt",5,36,15.3493547228842
"98",27.7644478716255,6,40,"Study1D0S111T1_f0.txt",5,36,15.3493547228842
"99",10.7620049258597,4,8,"Study1D0S111T10_f0.txt",5,36,15.3493547228842
"100",143.436701371606,13,36,"Study1D0S111T2_f0.txt",5,36,15.3493547228842
"101",12.0617918730289,10,23,"Study1D0S111T3_f0.txt",5,36,15.3493547228842
"102",NA,NA,NA,"Study1D0S111T4_f0.txt",5,36,15.3493547228842
"103",6.52182443100853,8,20,"Study1D0S111T5_f0.txt",5,36,15.3493547228842
"104",7.5677130017643,11,13,"Study1D0S111T6_f0.txt",5,36,15.3493547228842
"105",NA,NA,NA,"Study1D0S111T7_f0.txt",5,36,15.3493547228842
"106",2.64113946307611,4,40,"Study1D0S111T8_f0.txt",5,36,15.3493547228842
"107",31.1891081058413,12,30,"Study1D0S111T9_f0.txt",5,36,15.3493547228842
"108",15.5828680568993,7,26,"Study1D0S112T1_f0.txt",5,36,15.3493547228842
"109",10.7875159975775,5,26,"Study1D0S112T10_f0.txt",5,36,15.3493547228842
"110",16.9527618854504,6,18,"Study1D0S112T2_f0.txt",5,36,15.3493547228842
"111",12.3258122341284,5,42,"Study1D0S112T3_f0.txt",5,36,15.3493547228842
"112",14.3740517436802,4,49,"Study1D0S112T4_f0.txt",5,36,15.3493547228842
"113",18.9012571974168,9,45,"Study1D0S112T5_f0.txt",5,36,15.3493547228842
"114",10.2264378955156,5,26,"Study1D0S112T6_f0.txt",5,36,15.3493547228842
"115",16.1308484906333,8,27,"Study1D0S112T7_f0.txt",5,36,15.3493547228842
"116",NA,NA,NA,"Study1D0S112T8_f0.txt",5,36,15.3493547228842
"117",17.4648768388968,6,47,"Study1D0S112T9_f0.txt",5,36,15.3493547228842
"118",8.78440153163508,6,47,"Study1D0S113T1_f0.txt",5,36,15.3493547228842
"119",NA,NA,NA,"Study1D0S113T10_f0.txt",5,36,15.3493547228842
"120",17.6771036903999,10,40,"Study1D0S113T2_f0.txt",5,36,15.3493547228842
"121",2.53248994022156,2,48,"Study1D0S113T3_f0.txt",5,36,15.3493547228842
"122",3.21193921741073,3,43,"Study1D0S113T4_f0.txt",5,36,15.3493547228842
"123",1.19797316001351,5,18,"Study1D0S113T5_f0.txt",5,36,15.3493547228842
"124",NA,NA,NA,"Study1D0S113T6_f0.txt",5,36,15.3493547228842
"125",NA,NA,NA,"Study1D0S113T7_f0.txt",5,36,15.3493547228842
"126",NA,NA,NA,"Study1D0S113T8_f0.txt",5,36,15.3493547228842
"127",16.8007880973398,3,37,"Study1D0S113T9_f0.txt",5,36,15.3493547228842
"128",15.0653351904972,6,21,"Study1D0S114T1_f0.txt",5,36,15.3493547228842
"129",NA,NA,NA,"Study1D0S114T10_f0.txt",5,36,15.3493547228842
"130",8.76574126498977,3,49,"Study1D0S114T2_f0.txt",5,36,15.3493547228842
"131",NA,NA,NA,"Study1D0S114T3_f0.txt",5,36,15.3493547228842
"132",19.399650480887,7,49,"Study1D0S114T4_f0.txt",5,36,15.3493547228842
"133",9.78486420277704,3,23,"Study1D0S114T5_f0.txt",5,36,15.3493547228842
"134",15.9523013896596,5,36,"Study1D0S114T6_f0.txt",5,36,15.3493547228842
"135",14.5861470006149,4,50,"Study1D0S114T7_f0.txt",5,36,15.3493547228842
"136",NA,NA,NA,"Study1D0S114T8_f0.txt",5,36,15.3493547228842
"137",21.835436132611,9,39,"Study1D0S114T9_f0.txt",5,36,15.3493547228842
"138",19.2629029167351,4,41,"Study1D0S115T1_f0.txt",5,36,15.3493547228842
"139",8.66362347690035,4,46,"Study1D0S115T10_f0.txt",5,36,15.3493547228842
"140",41.4626279840955,9,49,"Study1D0S115T2_f0.txt",5,36,15.3493547228842
"141",3.30354752162455,2,36,"Study1D0S115T3_f0.txt",5,36,15.3493547228842
"142",22.0370171930544,7,31,"Study1D0S115T4_f0.txt",5,36,15.3493547228842
"143",15.4651576162487,3,37,"Study1D0S115T5_f0.txt",5,36,15.3493547228842
"144",NA,NA,NA,"Study1D0S115T6_f0.txt",5,36,15.3493547228842
"145",41.3880002644704,17,15,"Study1D0S115T7_f0.txt",5,36,15.3493547228842
"146",5.30908847397347,3,43,"Study1D0S115T8_f0.txt",5,36,15.3493547228842
"147",14.0227050746159,3,35,"Study1D0S115T9_f0.txt",5,36,15.3493547228842
"148",NA,NA,NA,"Study1D0S116T1_f0.txt",5,36,15.3493547228842
"149",NA,NA,NA,"Study1D0S116T10_f0.txt",5,36,15.3493547228842
"150",12.1152296159483,3,49,"Study1D0S116T2_f0.txt",5,36,15.3493547228842
"151",NA,NA,NA,"Study1D0S116T3_f0.txt",5,36,15.3493547228842
"152",12.2384455630734,5,36,"Study1D0S116T4_f0.txt",5,36,15.3493547228842
"153",58.1586032951381,19,34,"Study1D0S116T5_f0.txt",5,36,15.3493547228842
"154",NA,NA,NA,"Study1D0S116T6_f0.txt",5,36,15.3493547228842
"155",12.0965728221072,4,19,"Study1D0S116T7_f0.txt",5,36,15.3493547228842
"156",64.7869070230772,12,48,"Study1D0S116T8_f0.txt",5,36,15.3493547228842
"157",6.45005536439425,2,38,"Study1D0S116T9_f0.txt",5,36,15.3493547228842
"158",4.33232020415841,8,15,"Study1D0S117T1_f0.txt",5,36,15.3493547228842
"159",NA,NA,NA,"Study1D0S117T10_f0.txt",5,36,15.3493547228842
"160",14.1314615235223,5,49,"Study1D0S117T2_f0.txt",5,36,15.3493547228842
"161",NA,NA,NA,"Study1D0S117T3_f0.txt",5,36,15.3493547228842
"162",NA,NA,NA,"Study1D0S117T4_f0.txt",5,36,15.3493547228842
"163",4.46181438794133,4,46,"Study1D0S117T5_f0.txt",5,36,15.3493547228842
"164",12.6203362782263,7,22,"Study1D0S117T6_f0.txt",5,36,15.3493547228842
"165",10.5034595738381,5,45,"Study1D0S117T7_f0.txt",5,36,15.3493547228842
"166",NA,NA,NA,"Study1D0S117T8_f0.txt",5,36,15.3493547228842
"167",NA,NA,NA,"Study1D0S117T9_f0.txt",5,36,15.3493547228842
"168",44.3334071952264,9,18,"Study1D0S118T1_f0.txt",5,36,15.3493547228842
"169",13.6528412079853,4,47,"Study1D0S118T10_f0.txt",5,36,15.3493547228842
"170",21.7070399609113,4,34,"Study1D0S118T2_f0.txt",5,36,15.3493547228842
"171",20.2644630903476,5,20,"Study1D0S118T3_f0.txt",5,36,15.3493547228842
"172",15.9554576578175,3,42,"Study1D0S118T4_f0.txt",5,36,15.3493547228842
"173",21.2917040557765,9,38,"Study1D0S118T5_f0.txt",5,36,15.3493547228842
"174",24.7873753766886,3,27,"Study1D0S118T6_f0.txt",5,36,15.3493547228842
"175",20.7559418773539,3,49,"Study1D0S118T7_f0.txt",5,36,15.3493547228842
"176",5.65762962673291,2,47,"Study1D0S118T8_f0.txt",5,36,15.3493547228842
"177",81.6606343658498,13,46,"Study1D0S118T9_f0.txt",5,36,15.3493547228842
"178",5.21386285034151,4,41,"Study1D0S119T1_f0.txt",5,36,15.3493547228842
"179",9.35857644709814,4,28,"Study1D0S119T10_f0.txt",5,36,15.3493547228842
"180",10.85768637357,5,35,"Study1D0S119T2_f0.txt",5,36,15.3493547228842
"181",14.2585047727907,7,49,"Study1D0S119T3_f0.txt",5,36,15.3493547228842
"182",15.3226906566914,6,16,"Study1D0S119T4_f0.txt",5,36,15.3493547228842
"183",11.416901855929,6,19,"Study1D0S119T5_f0.txt",5,36,15.3493547228842
"184",17.1128243265736,7,36,"Study1D0S119T6_f0.txt",5,36,15.3493547228842
"185",9.24425284181987,3,40,"Study1D0S119T7_f0.txt",5,36,15.3493547228842
"186",9.66424037001715,6,48,"Study1D0S119T8_f0.txt",5,36,15.3493547228842
"187",22.2677206501095,8,16,"Study1D0S119T9_f0.txt",5,36,15.3493547228842
"188",NA,NA,NA,"Study1D0S120T1_f0.txt",5,36,15.3493547228842
"189",NA,NA,NA,"Study1D0S120T10_f0.txt",5,36,15.3493547228842
"190",7.7715160605698,3,31,"Study1D0S120T2_f0.txt",5,36,15.3493547228842
"191",NA,NA,NA,"Study1D0S120T3_f0.txt",5,36,15.3493547228842
"192",3.40462844663505,2,21,"Study1D0S120T4_f0.txt",5,36,15.3493547228842
"193",NA,NA,NA,"Study1D0S120T5_f0.txt",5,36,15.3493547228842
"194",4.72136623610352,2,19,"Study1D0S120T6_f0.txt",5,36,15.3493547228842
"195",8.1657245864787,4,19,"Study1D0S120T7_f0.txt",5,36,15.3493547228842
"196",NA,NA,NA,"Study1D0S120T8_f0.txt",5,36,15.3493547228842
"197",14.6683586279952,6,35,"Study1D0S120T9_f0.txt",5,36,15.3493547228842
"198",31.295445608229,9,26,"Study1D0S121T1_f0.txt",5,36,15.3493547228842
"199",17.1106701093138,4,43,"Study1D0S121T2_f0.txt",5,36,15.3493547228842
"200",37.2369919977668,10,35,"Study1D0S121T3_f0.txt",5,36,15.3493547228842
"201",9.65117095415647,4,36,"Study1D0S122T1_f0.txt",5,36,15.3493547228842
"202",NA,NA,NA,"Study1D0S122T10_f0.txt",5,36,15.3493547228842
"203",14.3198128613406,8,9,"Study1D0S122T2_f0.txt",5,36,15.3493547228842
"204",41.7839326627735,13,30,"Study1D0S122T3_f0.txt",5,36,15.3493547228842
"205",NA,NA,NA,"Study1D0S122T4_f0.txt",5,36,15.3493547228842
"206",32.1976304771043,13,15,"Study1D0S122T5_f0.txt",5,36,15.3493547228842
"207",18.6851684611792,4,32,"Study1D0S122T6_f0.txt",5,36,15.3493547228842
"208",NA,NA,NA,"Study1D0S122T7_f0.txt",5,36,15.3493547228842
"209",NA,NA,NA,"Study1D0S122T8_f0.txt",5,36,15.3493547228842
"210",NA,NA,NA,"Study1D0S122T9_f0.txt",5,36,15.3493547228842
"211",NA,NA,NA,"Study1D0S123T1_f0.txt",5,36,15.3493547228842
"212",0.726660764676041,1,12,"Study1D0S123T10_f0.txt",5,36,15.3493547228842
"213",65.6244523797188,8,32,"Study1D0S123T2_f0.txt",5,36,15.3493547228842
"214",NA,NA,NA,"Study1D0S123T3_f0.txt",5,36,15.3493547228842
"215",0.517547669608227,1,23,"Study1D0S123T4_f0.txt",5,36,15.3493547228842
"216",10.6909384370382,4,22,"Study1D0S123T5_f0.txt",5,36,15.3493547228842
"217",NA,NA,NA,"Study1D0S123T6_f0.txt",5,36,15.3493547228842
"218",9.87844232036878,3,23,"Study1D0S123T7_f0.txt",5,36,15.3493547228842
"219",5.68791329465763,2,11,"Study1D0S123T8_f0.txt",5,36,15.3493547228842
"220",NA,NA,NA,"Study1D0S124T1_f0.txt",5,36,15.3493547228842
"221",9.11742817760502,4,20,"Study1D0S124T10_f0.txt",5,36,15.3493547228842
"222",19.1133977404844,6,31,"Study1D0S124T2_f0.txt",5,36,15.3493547228842
"223",10.2888716440728,5,40,"Study1D0S124T3_f0.txt",5,36,15.3493547228842
"224",7.51592074694078,4,46,"Study1D0S124T4_f0.txt",5,36,15.3493547228842
"225",6.92548201771672,4,10,"Study1D0S124T5_f0.txt",5,36,15.3493547228842
"226",7.46571403645214,6,32,"Study1D0S124T6_f0.txt",5,36,15.3493547228842
"227",10.6776051570655,4,49,"Study1D0S124T7_f0.txt",5,36,15.3493547228842
"228",7.40218800333551,6,44,"Study1D0S124T8_f0.txt",5,36,15.3493547228842
"229",5.96982331406132,3,28,"Study1D0S124T9_f0.txt",5,36,15.3493547228842
"230",32.6092593656582,7,27,"Study1D0S125T1_f0.txt",5,36,15.3493547228842
"231",24.4326103669432,3,41,"Study1D0S125T10_f0.txt",5,36,15.3493547228842
"232",25.8881610551448,6,48,"Study1D0S125T2_f0.txt",5,36,15.3493547228842
"233",13.551291188402,3,49,"Study1D0S125T3_f0.txt",5,36,15.3493547228842
"234",11.5755557099642,3,41,"Study1D0S125T4_f0.txt",5,36,15.3493547228842
"235",22.8508669946638,6,49,"Study1D0S125T5_f0.txt",5,36,15.3493547228842
"236",13.935925004664,3,37,"Study1D0S125T6_f0.txt",5,36,15.3493547228842
"237",19.6304994182748,6,24,"Study1D0S125T7_f0.txt",5,36,15.3493547228842
"238",9.63419687295359,3,49,"Study1D0S125T8_f0.txt",5,36,15.3493547228842
"239",41.6835698134275,8,26,"Study1D0S125T9_f0.txt",5,36,15.3493547228842
"240",3.68473621353871,9,27,"Study1D0S126T1_f0.txt",5,36,15.3493547228842
"241",2.65410653274415,3,40,"Study1D0S126T10_f0.txt",5,36,15.3493547228842
"242",21.9891568981237,10,30,"Study1D0S126T2_f0.txt",5,36,15.3493547228842
"243",7.77564731442166,5,36,"Study1D0S126T3_f0.txt",5,36,15.3493547228842
"244",4.88750506860845,6,23,"Study1D0S126T4_f0.txt",5,36,15.3493547228842
"245",8.16867524951667,9,41,"Study1D0S126T5_f0.txt",5,36,15.3493547228842
"246",NA,NA,NA,"Study1D0S126T6_f0.txt",5,36,15.3493547228842
"247",16.6984718850496,10,18,"Study1D0S126T7_f0.txt",5,36,15.3493547228842
"248",NA,NA,NA,"Study1D0S126T8_f0.txt",5,36,15.3493547228842
"249",5.43937849829517,7,28,"Study1D0S126T9_f0.txt",5,36,15.3493547228842
"250",4.71108875466791,8,26,"Study1D0S127T1_f0.txt",5,36,15.3493547228842
"251",33.6004619675422,11,20,"Study1D0S127T10_f0.txt",5,36,15.3493547228842
"252",32.3010766788367,16,26,"Study1D0S127T2_f0.txt",5,36,15.3493547228842
"253",NA,NA,NA,"Study1D0S127T3_f0.txt",5,36,15.3493547228842
"254",8.39494224430993,4,25,"Study1D0S127T4_f0.txt",5,36,15.3493547228842
"255",12.3432898735514,4,45,"Study1D0S127T5_f0.txt",5,36,15.3493547228842
"256",2.47243754388451,4,19,"Study1D0S127T6_f0.txt",5,36,15.3493547228842
"257",35.2356842663366,10,48,"Study1D0S127T7_f0.txt",5,36,15.3493547228842
"258",NA,NA,NA,"Study1D0S127T8_f0.txt",5,36,15.3493547228842
"259",4.03886563738638,3,38,"Study1D0S127T9_f0.txt",5,36,15.3493547228842
"260",NA,NA,NA,"Study1D0S128T1_f0.txt",5,36,15.3493547228842
"261",NA,NA,NA,"Study1D0S128T10_f0.txt",5,36,15.3493547228842
"262",18.3931742697042,8,43,"Study1D0S128T2_f0.txt",5,36,15.3493547228842
"263",19.7374215267274,9,43,"Study1D0S128T3_f0.txt",5,36,15.3493547228842
"264",10.0625462253343,6,20,"Study1D0S128T4_f0.txt",5,36,15.3493547228842
"265",70.8137617326272,7,38,"Study1D0S128T5_f0.txt",5,36,15.3493547228842
"266",18.2537445255729,8,49,"Study1D0S128T6_f0.txt",5,36,15.3493547228842
"267",19.716137767591,7,49,"Study1D0S128T7_f0.txt",5,36,15.3493547228842
"268",9.93544075175002,3,30,"Study1D0S128T8_f0.txt",5,36,15.3493547228842
"269",NA,NA,NA,"Study1D0S128T9_f0.txt",5,36,15.3493547228842
"270",10.8131365990188,13,23,"Study1D0S129T1_f0.txt",5,36,15.3493547228842
"271",3.34169816405938,3,37,"Study1D0S129T10_f0.txt",5,36,15.3493547228842
"272",6.20787227335907,6,33,"Study1D0S129T2_f0.txt",5,36,15.3493547228842
"273",3.80757425687506,3,45,"Study1D0S129T3_f0.txt",5,36,15.3493547228842
"274",9.94214154368002,7,44,"Study1D0S129T4_f0.txt",5,36,15.3493547228842
"275",12.9576785517932,8,22,"Study1D0S129T5_f0.txt",5,36,15.3493547228842
"276",4.82305219536038,4,26,"Study1D0S129T6_f0.txt",5,36,15.3493547228842
"277",10.7201276396362,9,47,"Study1D0S129T7_f0.txt",5,36,15.3493547228842
"278",2.67398513598705,3,49,"Study1D0S129T8_f0.txt",5,36,15.3493547228842
"279",8.28637086347455,5,38,"Study1D0S129T9_f0.txt",5,36,15.3493547228842
"280",12.6706028004313,6,40,"Study1D0S130T1_f0.txt",5,36,15.3493547228842
"281",12.3468599818482,5,48,"Study1D0S130T10_f0.txt",5,36,15.3493547228842
"282",15.3804934192962,3,45,"Study1D0S130T2_f0.txt",5,36,15.3493547228842
"283",12.4898025613704,4,28,"Study1D0S130T3_f0.txt",5,36,15.3493547228842
"284",NA,NA,NA,"Study1D0S130T4_f0.txt",5,36,15.3493547228842
"285",18.6242353715299,4,48,"Study1D0S130T5_f0.txt",5,36,15.3493547228842
"286",22.2578532895332,4,48,"Study1D0S130T6_f0.txt",5,36,15.3493547228842
"287",11.4218356902926,3,35,"Study1D0S130T7_f0.txt",5,36,15.3493547228842
"288",3.78332830669046,2,49,"Study1D0S130T8_f0.txt",5,36,15.3493547228842
"289",14.7484460611721,3,48,"Study1D0S130T9_f0.txt",5,36,15.3493547228842
"290",34.183578731384,11,31,"Study1D0S131T1_f0.txt",5,36,15.3493547228842
"291",6.60230630144344,3,31,"Study1D0S131T10_f0.txt",5,36,15.3493547228842
"292",25.5848074765518,3,33,"Study1D0S131T2_f0.txt",5,36,15.3493547228842
"293",27.070120174095,8,49,"Study1D0S131T3_f0.txt",5,36,15.3493547228842
"294",NA,NA,NA,"Study1D0S131T4_f0.txt",5,36,15.3493547228842
"295",26.7136871395357,7,23,"Study1D0S131T5_f0.txt",5,36,15.3493547228842
"296",NA,NA,NA,"Study1D0S131T6_f0.txt",5,36,15.3493547228842
"297",23.2260483399813,7,36,"Study1D0S131T7_f0.txt",5,36,15.3493547228842
"298",16.4868736047729,4,42,"Study1D0S131T8_f0.txt",5,36,15.3493547228842
"299",21.9651572104522,5,48,"Study1D0S131T9_f0.txt",5,36,15.3493547228842
"300",6.16992229054341,4,43,"Study1D0S132T1_f0.txt",5,36,15.3493547228842
"301",5.81779474814946,3,20,"Study1D0S132T10_f0.txt",5,36,15.3493547228842
"302",10.99233548564,4,36,"Study1D0S132T2_f0.txt",5,36,15.3493547228842
"303",6.5932630584681,3,41,"Study1D0S132T3_f0.txt",5,36,15.3493547228842
"304",10.7969942735241,3,49,"Study1D0S132T4_f0.txt",5,36,15.3493547228842
"305",6.99524179139612,6,40,"Study1D0S132T5_f0.txt",5,36,15.3493547228842
"306",18.8886312422749,4,31,"Study1D0S132T6_f0.txt",5,36,15.3493547228842
"307",5.17477313432842,3,47,"Study1D0S132T7_f0.txt",5,36,15.3493547228842
"308",4.5635217699064,3,35,"Study1D0S132T8_f0.txt",5,36,15.3493547228842
"309",14.6601648082731,4,36,"Study1D0S132T9_f0.txt",5,36,15.3493547228842
"310",25.3901478517597,6,27,"Study1D0S133T1_f0.txt",5,36,15.3493547228842
"311",NA,NA,NA,"Study1D0S133T10_f0.txt",5,36,15.3493547228842
"312",21.1839497648639,4,38,"Study1D0S133T2_f0.txt",5,36,15.3493547228842
"313",15.4701616067006,4,43,"Study1D0S133T3_f0.txt",5,36,15.3493547228842
"314",17.0234016643765,3,42,"Study1D0S133T4_f0.txt",5,36,15.3493547228842
"315",19.2849172982333,9,33,"Study1D0S133T5_f0.txt",5,36,15.3493547228842
"316",9.61464991148168,6,47,"Study1D0S133T6_f0.txt",5,36,15.3493547228842
"317",39.9643714314308,8,29,"Study1D0S133T7_f0.txt",5,36,15.3493547228842
"318",NA,NA,NA,"Study1D0S133T8_f0.txt",5,36,15.3493547228842
"319",35.9333412416103,7,18,"Study1D0S133T9_f0.txt",5,36,15.3493547228842
"320",12.6285927649721,9,37,"Study1D0S134T1_f0.txt",5,36,15.3493547228842
"321",NA,NA,NA,"Study1D0S134T10_f0.txt",5,36,15.3493547228842
"322",20.8776162969823,4,49,"Study1D0S134T2_f0.txt",5,36,15.3493547228842
"323",NA,NA,NA,"Study1D0S134T3_f0.txt",5,36,15.3493547228842
"324",33.1762276208576,9,36,"Study1D0S134T4_f0.txt",5,36,15.3493547228842
"325",63.3217226101877,11,21,"Study1D0S134T5_f0.txt",5,36,15.3493547228842
"326",30.1424221808838,9,26,"Study1D0S134T6_f0.txt",5,36,15.3493547228842
"327",21.324637322469,8,45,"Study1D0S134T7_f0.txt",5,36,15.3493547228842
"328",NA,NA,NA,"Study1D0S134T8_f0.txt",5,36,15.3493547228842
"329",12.3096619902493,6,15,"Study1D0S134T9_f0.txt",5,36,15.3493547228842
"330",7.81617684372601,4,38,"Study1D0S135T1_f0.txt",5,36,15.3493547228842
"331",5.18135006295329,4,22,"Study1D0S135T10_f0.txt",5,36,15.3493547228842
"332",14.7929468837282,5,43,"Study1D0S135T2_f0.txt",5,36,15.3493547228842
"333",11.0246473922847,6,33,"Study1D0S135T3_f0.txt",5,36,15.3493547228842
"334",30.9431396868485,8,23,"Study1D0S135T4_f0.txt",5,36,15.3493547228842
"335",20.8792458928467,6,28,"Study1D0S135T5_f0.txt",5,36,15.3493547228842
"336",27.4103417306091,6,32,"Study1D0S135T6_f0.txt",5,36,15.3493547228842
"337",19.9240104379858,5,48,"Study1D0S135T7_f0.txt",5,36,15.3493547228842
"338",15.8669648763632,4,29,"Study1D0S135T8_f0.txt",5,36,15.3493547228842
"339",16.5063347399726,4,48,"Study1D0S135T9_f0.txt",5,36,15.3493547228842
"340",14.850549744129,7,25,"Study1D0S136T1_f0.txt",5,36,15.3493547228842
"341",10.7158483650788,3,25,"Study1D0S136T10_f0.txt",5,36,15.3493547228842
"342",10.3155176840965,4,32,"Study1D0S136T2_f0.txt",5,36,15.3493547228842
"343",6.45696085239216,4,23,"Study1D0S136T3_f0.txt",5,36,15.3493547228842
"344",7.88695883560461,4,23,"Study1D0S136T4_f0.txt",5,36,15.3493547228842
"345",8.15184791297104,3,47,"Study1D0S136T5_f0.txt",5,36,15.3493547228842
"346",8.23644760346234,3,40,"Study1D0S136T6_f0.txt",5,36,15.3493547228842
"347",23.4400627982542,9,45,"Study1D0S136T7_f0.txt",5,36,15.3493547228842
"348",11.2239920506774,6,36,"Study1D0S136T8_f0.txt",5,36,15.3493547228842
"349",16.4033724995219,6,26,"Study1D0S136T9_f0.txt",5,36,15.3493547228842
"350",17.0637020585474,5,11,"Study1D1S103T1_f0.txt",5,36,15.3493547228842
"351",37.8771120193131,4,27,"Study1D1S103T10_f0.txt",5,36,15.3493547228842
"352",NA,NA,NA,"Study1D1S103T2_f0.txt",5,36,15.3493547228842
"353",NA,NA,NA,"Study1D1S103T3_f0.txt",5,36,15.3493547228842
"354",24.3752018498343,3,48,"Study1D1S103T4_f0.txt",5,36,15.3493547228842
"355",205.931287728766,11,29,"Study1D1S103T5_f0.txt",5,36,15.3493547228842
"356",23.6837650402435,3,49,"Study1D1S103T6_f0.txt",5,36,15.3493547228842
"357",63.1182949571503,9,48,"Study1D1S103T7_f0.txt",5,36,15.3493547228842
"358",26.7255868959067,4,33,"Study1D1S103T8_f0.txt",5,36,15.3493547228842
"359",31.0761315580921,5,30,"Study1D1S103T9_f0.txt",5,36,15.3493547228842
"360",3.70752411364601,3,46,"Study1D1S104T1_f0.txt",5,36,15.3493547228842
"361",NA,NA,NA,"Study1D1S104T10_f0.txt",5,36,15.3493547228842
"362",12.2661657398072,12,31,"Study1D1S104T2_f0.txt",5,36,15.3493547228842
"363",NA,NA,NA,"Study1D1S104T3_f0.txt",5,36,15.3493547228842
"364",NA,NA,NA,"Study1D1S104T4_f0.txt",5,36,15.3493547228842
"365",NA,NA,NA,"Study1D1S104T5_f0.txt",5,36,15.3493547228842
"366",4.65096498771612,5,18,"Study1D1S104T6_f0.txt",5,36,15.3493547228842
"367",5.21275862449474,3,40,"Study1D1S104T7_f0.txt",5,36,15.3493547228842
"368",NA,NA,NA,"Study1D1S104T8_f0.txt",5,36,15.3493547228842
"369",10.4491098380891,8,17,"Study1D1S104T9_f0.txt",5,36,15.3493547228842
"370",10.1230762154527,6,44,"Study1D1S105T1_f0.txt",5,36,15.3493547228842
"371",4.61699688938848,5,35,"Study1D1S105T10_f0.txt",5,36,15.3493547228842
"372",20.6834606142415,10,31,"Study1D1S105T2_f0.txt",5,36,15.3493547228842
"373",4.36962178606135,5,25,"Study1D1S105T3_f0.txt",5,36,15.3493547228842
"374",12.6793510495486,6,14,"Study1D1S105T4_f0.txt",5,36,15.3493547228842
"375",5.10517059149938,3,28,"Study1D1S105T5_f0.txt",5,36,15.3493547228842
"376",14.2289975974945,9,15,"Study1D1S105T6_f0.txt",5,36,15.3493547228842
"377",11.2858318151108,6,48,"Study1D1S105T7_f0.txt",5,36,15.3493547228842
"378",8.47801014212705,6,32,"Study1D1S105T8_f0.txt",5,36,15.3493547228842
"379",19.1245198623737,8,32,"Study1D1S105T9_f0.txt",5,36,15.3493547228842
"380",19.9691576845671,6,48,"Study1D1S106T1_f0.txt",5,36,15.3493547228842
"381",10.8314823477954,6,42,"Study1D1S106T10_f0.txt",5,36,15.3493547228842
"382",17.6755043494539,4,38,"Study1D1S106T2_f0.txt",5,36,15.3493547228842
"383",20.671941259534,8,36,"Study1D1S106T3_f0.txt",5,36,15.3493547228842
"384",16.7748328876568,4,49,"Study1D1S106T4_f0.txt",5,36,15.3493547228842
"385",9.88032865096682,4,36,"Study1D1S106T5_f0.txt",5,36,15.3493547228842
"386",26.9214117486505,8,49,"Study1D1S106T6_f0.txt",5,36,15.3493547228842
"387",22.6027656750302,8,35,"Study1D1S106T7_f0.txt",5,36,15.3493547228842
"388",3.73896414041365,4,36,"Study1D1S106T8_f0.txt",5,36,15.3493547228842
"389",22.3222406626289,6,36,"Study1D1S106T9_f0.txt",5,36,15.3493547228842
"390",12.1177809030308,4,35,"Study1D1S107T1_f0.txt",5,36,15.3493547228842
"391",NA,NA,NA,"Study1D1S107T10_f0.txt",5,36,15.3493547228842
"392",21.6411065620986,4,29,"Study1D1S107T2_f0.txt",5,36,15.3493547228842
"393",NA,NA,NA,"Study1D1S107T3_f0.txt",5,36,15.3493547228842
"394",12.1180231656146,3,41,"Study1D1S107T4_f0.txt",5,36,15.3493547228842
"395",NA,NA,NA,"Study1D1S107T5_f0.txt",5,36,15.3493547228842
"396",NA,NA,NA,"Study1D1S107T6_f0.txt",5,36,15.3493547228842
"397",24.2320800845877,8,26,"Study1D1S107T7_f0.txt",5,36,15.3493547228842
"398",12.2681349242402,5,28,"Study1D1S107T8_f0.txt",5,36,15.3493547228842
"399",22.5417275829658,8,43,"Study1D1S107T9_f0.txt",5,36,15.3493547228842
"400",23.5680195309206,5,16,"Study1D1S108T1_f0.txt",5,36,15.3493547228842
"401",16.5450912107395,4,26,"Study1D1S108T10_f0.txt",5,36,15.3493547228842
"402",24.8407655574737,4,21,"Study1D1S108T2_f0.txt",5,36,15.3493547228842
"403",10.1718573466465,3,39,"Study1D1S108T3_f0.txt",5,36,15.3493547228842
"404",18.4014921299553,4,45,"Study1D1S108T4_f0.txt",5,36,15.3493547228842
"405",17.1352688604729,4,43,"Study1D1S108T5_f0.txt",5,36,15.3493547228842
"406",37.6869963259927,7,41,"Study1D1S108T6_f0.txt",5,36,15.3493547228842
"407",24.9620768731275,4,42,"Study1D1S108T7_f0.txt",5,36,15.3493547228842
"408",24.5039659106369,5,25,"Study1D1S108T8_f0.txt",5,36,15.3493547228842
"409",26.2871406356448,4,32,"Study1D1S108T9_f0.txt",5,36,15.3493547228842
"410",24.1984117256241,6,49,"Study1D1S109T1_f0.txt",5,36,15.3493547228842
"411",6.41762204989085,4,20,"Study1D1S109T10_f0.txt",5,36,15.3493547228842
"412",6.9417508335193,3,10,"Study1D1S109T2_f0.txt",5,36,15.3493547228842
"413",2.5053361542206,2,19,"Study1D1S109T3_f0.txt",5,36,15.3493547228842
"414",NA,NA,NA,"Study1D1S109T4_f0.txt",5,36,15.3493547228842
"415",NA,NA,NA,"Study1D1S109T5_f0.txt",5,36,15.3493547228842
"416",13.5718062806007,5,23,"Study1D1S109T6_f0.txt",5,36,15.3493547228842
"417",6.66768104468148,3,31,"Study1D1S109T7_f0.txt",5,36,15.3493547228842
"418",NA,NA,NA,"Study1D1S109T8_f0.txt",5,36,15.3493547228842
"419",5.37987032035932,3,24,"Study1D1S109T9_f0.txt",5,36,15.3493547228842
"420",NA,NA,NA,"Study1D1S110T1_f0.txt",5,36,15.3493547228842
"421",NA,NA,NA,"Study1D1S110T10_f0.txt",5,36,15.3493547228842
"422",15.3462030670712,4,47,"Study1D1S110T2_f0.txt",5,36,15.3493547228842
"423",NA,NA,NA,"Study1D1S110T3_f0.txt",5,36,15.3493547228842
"424",7.5801032757588,3,34,"Study1D1S110T4_f0.txt",5,36,15.3493547228842
"425",NA,NA,NA,"Study1D1S110T5_f0.txt",5,36,15.3493547228842
"426",3.66973008892717,2,21,"Study1D1S110T6_f0.txt",5,36,15.3493547228842
"427",9.90107782859836,4,33,"Study1D1S110T7_f0.txt",5,36,15.3493547228842
"428",23.2367450780787,3,16,"Study1D1S110T8_f0.txt",5,36,15.3493547228842
"429",25.333230324737,6,30,"Study1D1S110T9_f0.txt",5,36,15.3493547228842
"430",26.9470769426939,4,45,"Study1D1S111T1_f0.txt",5,36,15.3493547228842
"431",20.8172815328984,4,16,"Study1D1S111T10_f0.txt",5,36,15.3493547228842
"432",82.3290651127186,12,34,"Study1D1S111T2_f0.txt",5,36,15.3493547228842
"433",14.957530941722,3,43,"Study1D1S111T3_f0.txt",5,36,15.3493547228842
"434",31.6364834427675,4,45,"Study1D1S111T4_f0.txt",5,36,15.3493547228842
"435",NA,NA,NA,"Study1D1S111T5_f0.txt",5,36,15.3493547228842
"436",25.4133241529866,5,28,"Study1D1S111T6_f0.txt",5,36,15.3493547228842
"437",28.171934440066,4,27,"Study1D1S111T7_f0.txt",5,36,15.3493547228842
"438",NA,NA,NA,"Study1D1S111T8_f0.txt",5,36,15.3493547228842
"439",NA,NA,NA,"Study1D1S111T9_f0.txt",5,36,15.3493547228842
"440",3.9828065508393,3,49,"Study1D1S112T1_f0.txt",5,36,15.3493547228842
"441",3.61296866886776,3,14,"Study1D1S112T10_f0.txt",5,36,15.3493547228842
"442",7.21385859194536,6,46,"Study1D1S112T2_f0.txt",5,36,15.3493547228842
"443",NA,NA,NA,"Study1D1S112T3_f0.txt",5,36,15.3493547228842
"444",7.04926218718244,6,21,"Study1D1S112T4_f0.txt",5,36,15.3493547228842
"445",4.78917914947126,4,35,"Study1D1S112T5_f0.txt",5,36,15.3493547228842
"446",4.74122782480276,4,31,"Study1D1S112T6_f0.txt",5,36,15.3493547228842
"447",7.19667715219906,6,34,"Study1D1S112T7_f0.txt",5,36,15.3493547228842
"448",4.7233628313316,4,43,"Study1D1S112T8_f0.txt",5,36,15.3493547228842
"449",9.91011290067625,7,37,"Study1D1S112T9_f0.txt",5,36,15.3493547228842
"450",13.2175852681799,5,18,"Study1D1S113T1_f0.txt",5,36,15.3493547228842
"451",NA,NA,NA,"Study1D1S113T10_f0.txt",5,36,15.3493547228842
"452",9.45144420883919,6,24,"Study1D1S113T2_f0.txt",5,36,15.3493547228842
"453",20.3999946950117,7,35,"Study1D1S113T3_f0.txt",5,36,15.3493547228842
"454",17.3917613190461,3,23,"Study1D1S113T4_f0.txt",5,36,15.3493547228842
"455",21.7970170592527,8,10,"Study1D1S113T5_f0.txt",5,36,15.3493547228842
"456",30.8258500375278,9,30,"Study1D1S113T6_f0.txt",5,36,15.3493547228842
"457",20.743692210029,6,38,"Study1D1S113T7_f0.txt",5,36,15.3493547228842
"458",NA,NA,NA,"Study1D1S113T8_f0.txt",5,36,15.3493547228842
"459",NA,NA,NA,"Study1D1S113T9_f0.txt",5,36,15.3493547228842
"460",19.7460680684937,4,40,"Study1D1S114T1_f0.txt",5,36,15.3493547228842
"461",NA,NA,NA,"Study1D1S114T10_f0.txt",5,36,15.3493547228842
"462",21.5478677236654,7,49,"Study1D1S114T2_f0.txt",5,36,15.3493547228842
"463",19.3300754380109,4,40,"Study1D1S114T3_f0.txt",5,36,15.3493547228842
"464",NA,NA,NA,"Study1D1S114T4_f0.txt",5,36,15.3493547228842
"465",18.3302460117964,5,20,"Study1D1S114T5_f0.txt",5,36,15.3493547228842
"466",14.8614284856013,4,49,"Study1D1S114T6_f0.txt",5,36,15.3493547228842
"467",18.9535291344584,4,29,"Study1D1S114T7_f0.txt",5,36,15.3493547228842
"468",8.69449702643058,5,10,"Study1D1S114T8_f0.txt",5,36,15.3493547228842
"469",25.0357141160599,5,18,"Study1D1S114T9_f0.txt",5,36,15.3493547228842
"470",34.7720940696716,7,43,"Study1D1S115T1_f0.txt",5,36,15.3493547228842
"471",23.911852319558,7,15,"Study1D1S115T10_f0.txt",5,36,15.3493547228842
"472",33.0440114598611,7,42,"Study1D1S115T2_f0.txt",5,36,15.3493547228842
"473",30.4548633479179,6,49,"Study1D1S115T3_f0.txt",5,36,15.3493547228842
"474",43.0063813563324,9,27,"Study1D1S115T4_f0.txt",5,36,15.3493547228842
"475",17.2987031574623,7,48,"Study1D1S115T5_f0.txt",5,36,15.3493547228842
"476",20.0918113082401,5,27,"Study1D1S115T6_f0.txt",5,36,15.3493547228842
"477",25.6178824698735,5,33,"Study1D1S115T7_f0.txt",5,36,15.3493547228842
"478",9.61406593575099,3,38,"Study1D1S115T8_f0.txt",5,36,15.3493547228842
"479",36.5321012425333,8,48,"Study1D1S115T9_f0.txt",5,36,15.3493547228842
"480",NA,NA,NA,"Study1D1S116T1_f0.txt",5,36,15.3493547228842
"481",NA,NA,NA,"Study1D1S116T10_f0.txt",5,36,15.3493547228842
"482",6.18345948100496,5,32,"Study1D1S116T2_f0.txt",5,36,15.3493547228842
"483",NA,NA,NA,"Study1D1S116T3_f0.txt",5,36,15.3493547228842
"484",13.0981052228137,8,42,"Study1D1S116T4_f0.txt",5,36,15.3493547228842
"485",3.06941518308442,3,22,"Study1D1S116T5_f0.txt",5,36,15.3493547228842
"486",4.70973378673912,6,21,"Study1D1S116T6_f0.txt",5,36,15.3493547228842
"487",6.62487134125026,4,41,"Study1D1S116T7_f0.txt",5,36,15.3493547228842
"488",10.2426599358335,7,12,"Study1D1S116T8_f0.txt",5,36,15.3493547228842
"489",8.70609149734368,4,31,"Study1D1S116T9_f0.txt",5,36,15.3493547228842
"490",16.3303675204268,6,22,"Study1D1S117T1_f0.txt",5,36,15.3493547228842
"491",8.09183494604137,7,43,"Study1D1S117T10_f0.txt",5,36,15.3493547228842
"492",25.5113936725006,10,23,"Study1D1S117T2_f0.txt",5,36,15.3493547228842
"493",8.01937790139562,6,45,"Study1D1S117T3_f0.txt",5,36,15.3493547228842
"494",13.163909307859,6,17,"Study1D1S117T4_f0.txt",5,36,15.3493547228842
"495",4.50956158368912,5,15,"Study1D1S117T5_f0.txt",5,36,15.3493547228842
"496",19.1158439161798,10,46,"Study1D1S117T6_f0.txt",5,36,15.3493547228842
"497",9.57042327598349,4,46,"Study1D1S117T7_f0.txt",5,36,15.3493547228842
"498",6.94869487162824,4,24,"Study1D1S117T8_f0.txt",5,36,15.3493547228842
"499",10.2727786206256,4,38,"Study1D1S117T9_f0.txt",5,36,15.3493547228842
"500",35.8334471344791,4,20,"Study1D1S118T1_f0.txt",5,36,15.3493547228842
"501",9.43323177400895,4,32,"Study1D1S118T10_f0.txt",5,36,15.3493547228842
"502",26.975222403046,3,28,"Study1D1S118T2_f0.txt",5,36,15.3493547228842
"503",41.1572614730458,9,30,"Study1D1S118T3_f0.txt",5,36,15.3493547228842
"504",26.2021356004104,3,45,"Study1D1S118T4_f0.txt",5,36,15.3493547228842
"505",27.9994195241477,4,26,"Study1D1S118T5_f0.txt",5,36,15.3493547228842
"506",29.4666758011031,5,36,"Study1D1S118T6_f0.txt",5,36,15.3493547228842
"507",23.2852060756348,3,25,"Study1D1S118T7_f0.txt",5,36,15.3493547228842
"508",15.4848447084943,3,14,"Study1D1S118T8_f0.txt",5,36,15.3493547228842
"509",28.8537891546205,5,46,"Study1D1S118T9_f0.txt",5,36,15.3493547228842
"510",7.5421640976071,3,19,"Study1D1S119T1_f0.txt",5,36,15.3493547228842
"511",1.47203384748137,2,45,"Study1D1S119T10_f0.txt",5,36,15.3493547228842
"512",14.3480711774594,7,48,"Study1D1S119T2_f0.txt",5,36,15.3493547228842
"513",11.2222583306646,4,26,"Study1D1S119T3_f0.txt",5,36,15.3493547228842
"514",NA,NA,NA,"Study1D1S119T4_f0.txt",5,36,15.3493547228842
"515",NA,NA,NA,"Study1D1S119T5_f0.txt",5,36,15.3493547228842
"516",8.15825152967679,4,43,"Study1D1S119T6_f0.txt",5,36,15.3493547228842
"517",17.394253160343,4,30,"Study1D1S119T7_f0.txt",5,36,15.3493547228842
"518",15.7362470180556,5,12,"Study1D1S119T8_f0.txt",5,36,15.3493547228842
"519",52.0569811178663,18,32,"Study1D1S119T9_f0.txt",5,36,15.3493547228842
"520",5.41353524770352,3,13,"Study1D1S120T1_f0.txt",5,36,15.3493547228842
"521",NA,NA,NA,"Study1D1S120T10_f0.txt",5,36,15.3493547228842
"522",15.5478075252946,6,20,"Study1D1S120T2_f0.txt",5,36,15.3493547228842
"523",6.11620959541052,5,16,"Study1D1S120T3_f0.txt",5,36,15.3493547228842
"524",19.5347690413562,9,49,"Study1D1S120T4_f0.txt",5,36,15.3493547228842
"525",12.8298729924245,6,22,"Study1D1S120T5_f0.txt",5,36,15.3493547228842
"526",17.5763372197264,5,23,"Study1D1S120T6_f0.txt",5,36,15.3493547228842
"527",7.272486651039,8,27,"Study1D1S120T7_f0.txt",5,36,15.3493547228842
"528",18.8319860713584,8,20,"Study1D1S120T8_f0.txt",5,36,15.3493547228842
"529",2.43599610808902,2,35,"Study1D1S120T9_f0.txt",5,36,15.3493547228842
"530",NA,NA,NA,"Study1D1S121T1_f0.txt",5,36,15.3493547228842
"531",35.7831452456243,8,49,"Study1D1S121T10_f0.txt",5,36,15.3493547228842
"532",NA,NA,NA,"Study1D1S121T2_f0.txt",5,36,15.3493547228842
"533",14.4150972390463,4,22,"Study1D1S121T3_f0.txt",5,36,15.3493547228842
"534",NA,NA,NA,"Study1D1S121T4_f0.txt",5,36,15.3493547228842
"535",NA,NA,NA,"Study1D1S121T5_f0.txt",5,36,15.3493547228842
"536",NA,NA,NA,"Study1D1S121T6_f0.txt",5,36,15.3493547228842
"537",NA,NA,NA,"Study1D1S121T7_f0.txt",5,36,15.3493547228842
"538",9.9699729642621,6,13,"Study1D1S121T8_f0.txt",5,36,15.3493547228842
"539",11.8838135162656,3,42,"Study1D1S121T9_f0.txt",5,36,15.3493547228842
"540",6.68420474842536,4,24,"Study1D1S122T1_f0.txt",5,36,15.3493547228842
"541",1.91088083046732,2,45,"Study1D1S122T10_f0.txt",5,36,15.3493547228842
"542",12.360134932868,6,49,"Study1D1S122T2_f0.txt",5,36,15.3493547228842
"543",4.69592703330756,4,47,"Study1D1S122T3_f0.txt",5,36,15.3493547228842
"544",6.94253014510128,3,49,"Study1D1S122T4_f0.txt",5,36,15.3493547228842
"545",4.06249839720881,5,38,"Study1D1S122T5_f0.txt",5,36,15.3493547228842
"546",12.0294771403306,6,49,"Study1D1S122T6_f0.txt",5,36,15.3493547228842
"547",13.5547780192333,7,33,"Study1D1S122T7_f0.txt",5,36,15.3493547228842
"548",NA,NA,NA,"Study1D1S122T8_f0.txt",5,36,15.3493547228842
"549",11.7132624306256,6,34,"Study1D1S122T9_f0.txt",5,36,15.3493547228842
"550",NA,NA,NA,"Study1D1S123T1_f0.txt",5,36,15.3493547228842
"551",NA,NA,NA,"Study1D1S123T10_f0.txt",5,36,15.3493547228842
"552",NA,NA,NA,"Study1D1S123T2_f0.txt",5,36,15.3493547228842
"553",NA,NA,NA,"Study1D1S123T3_f0.txt",5,36,15.3493547228842
"554",23.5658563852996,8,14,"Study1D1S123T4_f0.txt",5,36,15.3493547228842
"555",NA,NA,NA,"Study1D1S123T5_f0.txt",5,36,15.3493547228842
"556",NA,NA,NA,"Study1D1S123T6_f0.txt",5,36,15.3493547228842
"557",19.6979077411638,6,18,"Study1D1S123T7_f0.txt",5,36,15.3493547228842
"558",NA,NA,NA,"Study1D1S123T8_f0.txt",5,36,15.3493547228842
"559",74.1813270319272,12,48,"Study1D1S123T9_f0.txt",5,36,15.3493547228842
"560",9.11757759523913,3,11,"Study1D1S124T1_f0.txt",5,36,15.3493547228842
"561",10.4888658342073,5,16,"Study1D1S124T10_f0.txt",5,36,15.3493547228842
"562",NA,NA,NA,"Study1D1S124T2_f0.txt",5,36,15.3493547228842
"563",8.20349937480606,4,32,"Study1D1S124T3_f0.txt",5,36,15.3493547228842
"564",NA,NA,NA,"Study1D1S124T4_f0.txt",5,36,15.3493547228842
"565",NA,NA,NA,"Study1D1S124T5_f0.txt",5,36,15.3493547228842
"566",30.4208623288994,14,18,"Study1D1S124T6_f0.txt",5,36,15.3493547228842
"567",8.32771931328183,4,26,"Study1D1S124T7_f0.txt",5,36,15.3493547228842
"568",23.4281264586687,10,40,"Study1D1S124T8_f0.txt",5,36,15.3493547228842
"569",NA,NA,NA,"Study1D1S124T9_f0.txt",5,36,15.3493547228842
"570",21.544127392152,5,29,"Study1D1S125T1_f0.txt",5,36,15.3493547228842
"571",10.1117349145284,4,36,"Study1D1S125T10_f0.txt",5,36,15.3493547228842
"572",NA,NA,NA,"Study1D1S125T2_f0.txt",5,36,15.3493547228842
"573",12.9742654598572,4,19,"Study1D1S125T3_f0.txt",5,36,15.3493547228842
"574",21.4427154237505,6,48,"Study1D1S125T4_f0.txt",5,36,15.3493547228842
"575",5.2767600999811,2,14,"Study1D1S125T5_f0.txt",5,36,15.3493547228842
"576",18.2444084550919,8,49,"Study1D1S125T6_f0.txt",5,36,15.3493547228842
"577",35.3076647499615,8,24,"Study1D1S125T7_f0.txt",5,36,15.3493547228842
"578",NA,NA,NA,"Study1D1S125T8_f0.txt",5,36,15.3493547228842
"579",NA,NA,NA,"Study1D1S125T9_f0.txt",5,36,15.3493547228842
"580",4.59499250808834,3,48,"Study1D1S126T1_f0.txt",5,36,15.3493547228842
"581",11.1647734182591,4,28,"Study1D1S126T10_f0.txt",5,36,15.3493547228842
"582",11.0228985707203,3,49,"Study1D1S126T2_f0.txt",5,36,15.3493547228842
"583",10.7292617998113,3,48,"Study1D1S126T3_f0.txt",5,36,15.3493547228842
"584",13.4930982336844,4,25,"Study1D1S126T4_f0.txt",5,36,15.3493547228842
"585",NA,NA,NA,"Study1D1S126T5_f0.txt",5,36,15.3493547228842
"586",16.9392247324074,4,42,"Study1D1S126T6_f0.txt",5,36,15.3493547228842
"587",13.679013476587,4,36,"Study1D1S126T7_f0.txt",5,36,15.3493547228842
"588",16.1527334573173,4,47,"Study1D1S126T8_f0.txt",5,36,15.3493547228842
"589",17.3783496760223,4,33,"Study1D1S126T9_f0.txt",5,36,15.3493547228842
"590",13.129562187107,6,21,"Study1D1S127T1_f0.txt",5,36,15.3493547228842
"591",8.70612039131817,5,11,"Study1D1S127T10_f0.txt",5,36,15.3493547228842
"592",11.1510206273606,4,32,"Study1D1S127T2_f0.txt",5,36,15.3493547228842
"593",10.8027567105865,4,45,"Study1D1S127T3_f0.txt",5,36,15.3493547228842
"594",17.6059941032725,7,33,"Study1D1S127T4_f0.txt",5,36,15.3493547228842
"595",NA,NA,NA,"Study1D1S127T5_f0.txt",5,36,15.3493547228842
"596",14.70342913729,6,37,"Study1D1S127T6_f0.txt",5,36,15.3493547228842
"597",16.1334456441223,8,37,"Study1D1S127T7_f0.txt",5,36,15.3493547228842
"598",NA,NA,NA,"Study1D1S127T8_f0.txt",5,36,15.3493547228842
"599",13.4823981555235,5,44,"Study1D1S127T9_f0.txt",5,36,15.3493547228842
"600",NA,NA,NA,"Study1D1S128T1_f0.txt",5,36,15.3493547228842
"601",7.53469833548597,4,32,"Study1D1S128T10_f0.txt",5,36,15.3493547228842
"602",9.44503652470652,5,40,"Study1D1S128T2_f0.txt",5,36,15.3493547228842
"603",16.2361258933188,9,49,"Study1D1S128T3_f0.txt",5,36,15.3493547228842
"604",4.13336448117334,4,13,"Study1D1S128T4_f0.txt",5,36,15.3493547228842
"605",2.19445280926242,2,29,"Study1D1S128T5_f0.txt",5,36,15.3493547228842
"606",14.928674960751,6,16,"Study1D1S128T6_f0.txt",5,36,15.3493547228842
"607",NA,NA,NA,"Study1D1S128T7_f0.txt",5,36,15.3493547228842
"608",2.31049004155286,2,32,"Study1D1S128T8_f0.txt",5,36,15.3493547228842
"609",2.57097142213076,2,20,"Study1D1S128T9_f0.txt",5,36,15.3493547228842
"610",NA,NA,NA,"Study1D1S129T1_f0.txt",5,36,15.3493547228842
"611",6.54373487195292,5,13,"Study1D1S129T10_f0.txt",5,36,15.3493547228842
"612",5.37116364619151,7,25,"Study1D1S129T2_f0.txt",5,36,15.3493547228842
"613",6.39053372380956,6,47,"Study1D1S129T3_f0.txt",5,36,15.3493547228842
"614",4.39263190087178,3,22,"Study1D1S129T4_f0.txt",5,36,15.3493547228842
"615",NA,NA,NA,"Study1D1S129T5_f0.txt",5,36,15.3493547228842
"616",8.53762797081004,7,30,"Study1D1S129T6_f0.txt",5,36,15.3493547228842
"617",6.08016947098337,4,18,"Study1D1S129T7_f0.txt",5,36,15.3493547228842
"618",6.56272532976131,6,39,"Study1D1S129T8_f0.txt",5,36,15.3493547228842
"619",8.02808671450565,6,32,"Study1D1S129T9_f0.txt",5,36,15.3493547228842
"620",NA,NA,NA,"Study1D1S130T1_f0.txt",5,36,15.3493547228842
"621",22.4770318199368,8,43,"Study1D1S130T2_f0.txt",5,36,15.3493547228842
"622",8.50266706405168,4,48,"Study1D1S130T3_f0.txt",5,36,15.3493547228842
"623",8.00438833418111,4,16,"Study1D1S130T4_f0.txt",5,36,15.3493547228842
"624",7.73517727719759,4,15,"Study1D1S130T5_f0.txt",5,36,15.3493547228842
"625",9.46891313108883,4,14,"Study1D1S130T6_f0.txt",5,36,15.3493547228842
"626",18.2712935334635,6,37,"Study1D1S131T1_f0.txt",5,36,15.3493547228842
"627",NA,NA,NA,"Study1D1S131T10_f0.txt",5,36,15.3493547228842
"628",5.4911818533714,3,41,"Study1D1S131T2_f0.txt",5,36,15.3493547228842
"629",NA,NA,NA,"Study1D1S131T3_f0.txt",5,36,15.3493547228842
"630",14.5184825400232,6,48,"Study1D1S131T4_f0.txt",5,36,15.3493547228842
"631",8.50463646391919,4,50,"Study1D1S131T5_f0.txt",5,36,15.3493547228842
"632",8.8185293014718,4,32,"Study1D1S131T6_f0.txt",5,36,15.3493547228842
"633",14.3005689381522,4,32,"Study1D1S131T7_f0.txt",5,36,15.3493547228842
"634",5.10480959789325,3,10,"Study1D1S131T8_f0.txt",5,36,15.3493547228842
"635",22.0778592582473,6,50,"Study1D1S131T9_f0.txt",5,36,15.3493547228842
"636",9.24163671126753,4,23,"Study1D1S132T1_f0.txt",5,36,15.3493547228842
"637",20.452849751981,7,43,"Study1D1S132T10_f0.txt",5,36,15.3493547228842
"638",8.04420161773536,4,33,"Study1D1S132T2_f0.txt",5,36,15.3493547228842
"639",20.6461598181656,6,15,"Study1D1S132T3_f0.txt",5,36,15.3493547228842
"640",48.9966535586461,11,35,"Study1D1S132T4_f0.txt",5,36,15.3493547228842
"641",3.67191731411664,4,20,"Study1D1S132T5_f0.txt",5,36,15.3493547228842
"642",28.5954489113135,11,28,"Study1D1S132T6_f0.txt",5,36,15.3493547228842
"643",12.6483851396372,4,36,"Study1D1S132T7_f0.txt",5,36,15.3493547228842
"644",3.04511075967246,5,39,"Study1D1S132T8_f0.txt",5,36,15.3493547228842
"645",9.31525050148157,4,49,"Study1D1S132T9_f0.txt",5,36,15.3493547228842
"646",NA,NA,NA,"Study1D1S133T1_f0.txt",5,36,15.3493547228842
"647",11.4274029907895,7,39,"Study1D1S133T2_f0.txt",5,36,15.3493547228842
"648",NA,NA,NA,"Study1D1S133T3_f0.txt",5,36,15.3493547228842
"649",6.11941553820741,4,39,"Study1D1S133T4_f0.txt",5,36,15.3493547228842
"650",NA,NA,NA,"Study1D1S133T5_f0.txt",5,36,15.3493547228842
"651",10.2080764191363,6,48,"Study1D1S133T6_f0.txt",5,36,15.3493547228842
"652",9.45996407623747,4,37,"Study1D1S133T7_f0.txt",5,36,15.3493547228842
"653",NA,NA,NA,"Study1D1S133T8_f0.txt",5,36,15.3493547228842
"654",NA,NA,NA,"Study1D1S133T9_f0.txt",5,36,15.3493547228842
"655",9.66442155117963,6,50,"Study1D1S134T1_f0.txt",5,36,15.3493547228842
"656",8.45972147452195,6,49,"Study1D1S134T10_f0.txt",5,36,15.3493547228842
"657",5.74016379647011,3,28,"Study1D1S134T2_f0.txt",5,36,15.3493547228842
"658",17.3573025524801,8,11,"Study1D1S134T3_f0.txt",5,36,15.3493547228842
"659",22.6567198322101,10,48,"Study1D1S134T4_f0.txt",5,36,15.3493547228842
"660",11.0013411773462,4,37,"Study1D1S134T5_f0.txt",5,36,15.3493547228842
"661",6.7390412995575,3,43,"Study1D1S134T6_f0.txt",5,36,15.3493547228842
"662",8.53859049970134,4,27,"Study1D1S134T7_f0.txt",5,36,15.3493547228842
"663",NA,NA,NA,"Study1D1S134T8_f0.txt",5,36,15.3493547228842
"664",26.3403679069979,13,35,"Study1D1S134T9_f0.txt",5,36,15.3493547228842
"665",NA,NA,NA,"Study1D1S135T1_f0.txt",5,36,15.3493547228842
"666",NA,NA,NA,"Study1D1S135T10_f0.txt",5,36,15.3493547228842
"667",NA,NA,NA,"Study1D1S135T2_f0.txt",5,36,15.3493547228842
"668",NA,NA,NA,"Study1D1S135T3_f0.txt",5,36,15.3493547228842
"669",NA,NA,NA,"Study1D1S135T4_f0.txt",5,36,15.3493547228842
"670",2.55143617142037,2,35,"Study1D1S135T5_f0.txt",5,36,15.3493547228842
"671",17.048817043262,5,35,"Study1D1S135T6_f0.txt",5,36,15.3493547228842
"672",4.78774320656205,2,47,"Study1D1S135T7_f0.txt",5,36,15.3493547228842
"673",NA,NA,NA,"Study1D1S135T8_f0.txt",5,36,15.3493547228842
"674",12.4220515883507,4,17,"Study1D1S135T9_f0.txt",5,36,15.3493547228842
"675",19.6782498737001,9,25,"Study1D1S136T1_f0.txt",5,36,15.3493547228842
"676",NA,NA,NA,"Study1D1S136T10_f0.txt",5,36,15.3493547228842
"677",31.8865760929426,9,47,"Study1D1S136T2_f0.txt",5,36,15.3493547228842
"678",6.66255738043344,3,27,"Study1D1S136T3_f0.txt",5,36,15.3493547228842
"679",19.0423479055833,7,38,"Study1D1S136T4_f0.txt",5,36,15.3493547228842
"680",11.8010018360504,4,11,"Study1D1S136T5_f0.txt",5,36,15.3493547228842
"681",9.12416773579107,4,49,"Study1D1S136T6_f0.txt",5,36,15.3493547228842
"682",21.598712795508,8,47,"Study1D1S136T7_f0.txt",5,36,15.3493547228842
"683",7.2077674436226,10,26,"Study1D1S136T8_f0.txt",5,36,15.3493547228842
"684",19.7844927186924,4,25,"Study1D1S136T9_f0.txt",5,36,15.3493547228842
"685",2.02644147426276,2,14,"Study2D0S201T1_f0.txt",5,36,15.3493547228842
"686",8.06504064157238,3,36,"Study2D0S201T2_f0.txt",5,36,15.3493547228842
"687",NA,NA,NA,"Study2D0S201T3_f0.txt",5,36,15.3493547228842
"688",30.3673341429515,5,49,"Study2D0S201T4_f0.txt",5,36,15.3493547228842
"689",32.6448806344924,5,39,"Study2D0S201T5_f0.txt",5,36,15.3493547228842
"690",5.26079415869439,12,31,"Study2D0S201T6_f0.txt",5,36,15.3493547228842
"691",NA,NA,NA,"Study2D0S201T7_f0.txt",5,36,15.3493547228842
"692",3.03154770798172,4,27,"Study2D0S201T8_f0.txt",5,36,15.3493547228842
"693",NA,NA,NA,"Study2D0S202T1_f0.txt",5,36,15.3493547228842
"694",17.7037264373398,3,25,"Study2D0S202T2_f0.txt",5,36,15.3493547228842
"695",23.2556512331798,6,39,"Study2D0S202T3_f0.txt",5,36,15.3493547228842
"696",19.9481745386133,7,36,"Study2D0S202T4_f0.txt",5,36,15.3493547228842
"697",6.91634396327565,4,45,"Study2D0S202T5_f0.txt",5,36,15.3493547228842
"698",NA,NA,NA,"Study2D0S202T6_f0.txt",5,36,15.3493547228842
"699",NA,NA,NA,"Study2D0S202T7_f0.txt",5,36,15.3493547228842
"700",NA,NA,NA,"Study2D0S202T8_f0.txt",5,36,15.3493547228842
"701",33.941157328514,5,39,"Study2D0S203T1_f0.txt",5,36,15.3493547228842
"702",20.4600897386063,3,41,"Study2D0S203T2_f0.txt",5,36,15.3493547228842
"703",23.7938349463674,7,16,"Study2D0S203T3_f0.txt",5,36,15.3493547228842
"704",NA,NA,NA,"Study2D0S203T4_f0.txt",5,36,15.3493547228842
"705",43.4838473835255,8,24,"Study2D0S203T5_f0.txt",5,36,15.3493547228842
"706",20.8969123788724,5,16,"Study2D0S203T6_f0.txt",5,36,15.3493547228842
"707",28.8383299209557,4,49,"Study2D0S203T7_f0.txt",5,36,15.3493547228842
"708",NA,NA,NA,"Study2D0S203T8_f0.txt",5,36,15.3493547228842
"709",NA,NA,NA,"Study2D0S204T1_f0.txt",5,36,15.3493547228842
"710",9.41895180396904,3,23,"Study2D0S204T2_f0.txt",5,36,15.3493547228842
"711",8.5471543769849,5,22,"Study2D0S204T3_f0.txt",5,36,15.3493547228842
"712",NA,NA,NA,"Study2D0S204T4_f0.txt",5,36,15.3493547228842
"713",13.2693355464046,3,34,"Study2D0S204T5_f0.txt",5,36,15.3493547228842
"714",12.1966590043494,11,25,"Study2D0S204T6_f0.txt",5,36,15.3493547228842
"715",NA,NA,NA,"Study2D0S204T7_f0.txt",5,36,15.3493547228842
"716",66.8793379194091,5,22,"Study2D0S204T8_f0.txt",5,36,15.3493547228842
"717",13.8809481416856,3,27,"Study2D0S205T1_f0.txt",5,36,15.3493547228842
"718",6.16403919115984,4,39,"Study2D0S205T2_f0.txt",5,36,15.3493547228842
"719",64.013099471493,13,26,"Study2D0S205T3_f0.txt",5,36,15.3493547228842
"720",75.6006266388864,10,49,"Study2D0S205T4_f0.txt",5,36,15.3493547228842
"721",6.89211989458157,3,40,"Study2D0S205T5_f0.txt",5,36,15.3493547228842
"722",NA,NA,NA,"Study2D0S205T6_f0.txt",5,36,15.3493547228842
"723",12.9111904427302,3,44,"Study2D0S205T7_f0.txt",5,36,15.3493547228842
"724",6.21033934277751,3,27,"Study2D0S205T8_f0.txt",5,36,15.3493547228842
"725",32.6684332834645,15,21,"Study2D0S206T1_f0.txt",5,36,15.3493547228842
"726",20.5724235243358,9,36,"Study2D0S206T2_f0.txt",5,36,15.3493547228842
"727",15.4622055415156,4,35,"Study2D0S206T3_f0.txt",5,36,15.3493547228842
"728",18.7072981257257,7,42,"Study2D0S206T4_f0.txt",5,36,15.3493547228842
"729",NA,NA,NA,"Study2D0S206T5_f0.txt",5,36,15.3493547228842
"730",NA,NA,NA,"Study2D0S206T6_f0.txt",5,36,15.3493547228842
"731",13.4803106480905,4,41,"Study2D0S206T7_f0.txt",5,36,15.3493547228842
"732",5.88758574408188,5,25,"Study2D0S206T8_f0.txt",5,36,15.3493547228842
"733",12.9469919619421,6,49,"Study2D0S207T1_f0.txt",5,36,15.3493547228842
"734",13.5188419373413,4,43,"Study2D0S207T2_f0.txt",5,36,15.3493547228842
"735",26.4352521810253,8,17,"Study2D0S207T3_f0.txt",5,36,15.3493547228842
"736",19.5746329962915,6,41,"Study2D0S207T4_f0.txt",5,36,15.3493547228842
"737",13.7535499987038,5,49,"Study2D0S207T5_f0.txt",5,36,15.3493547228842
"738",12.425211667588,6,23,"Study2D0S207T6_f0.txt",5,36,15.3493547228842
"739",19.8696102132735,6,47,"Study2D0S207T7_f0.txt",5,36,15.3493547228842
"740",10.2554230415163,6,36,"Study2D0S207T8_f0.txt",5,36,15.3493547228842
"741",26.2159723881161,5,17,"Study2D0S208T1_f0.txt",5,36,15.3493547228842
"742",53.7359179764891,17,33,"Study2D0S208T2_f0.txt",5,36,15.3493547228842
"743",14.1721109484091,3,48,"Study2D0S208T3_f0.txt",5,36,15.3493547228842
"744",11.632674305517,4,42,"Study2D0S208T4_f0.txt",5,36,15.3493547228842
"745",16.8074255167484,5,30,"Study2D0S208T5_f0.txt",5,36,15.3493547228842
"746",69.156027907797,17,24,"Study2D0S208T6_f0.txt",5,36,15.3493547228842
"747",NA,NA,NA,"Study2D0S208T7_f0.txt",5,36,15.3493547228842
"748",6.03188021870224,2,20,"Study2D0S208T8_f0.txt",5,36,15.3493547228842
"749",11.6808819789456,3,28,"Study2D0S209T1_f0.txt",5,36,15.3493547228842
"750",28.1817992938832,3,46,"Study2D0S209T2_f0.txt",5,36,15.3493547228842
"751",20.2846833377006,3,40,"Study2D0S209T3_f0.txt",5,36,15.3493547228842
"752",23.5306254994739,3,45,"Study2D0S209T4_f0.txt",5,36,15.3493547228842
"753",7.69704238844683,3,49,"Study2D0S209T5_f0.txt",5,36,15.3493547228842
"754",NA,NA,NA,"Study2D0S209T6_f0.txt",5,36,15.3493547228842
"755",NA,NA,NA,"Study2D0S209T7_f0.txt",5,36,15.3493547228842
"756",17.307770682697,3,33,"Study2D0S209T8_f0.txt",5,36,15.3493547228842
"757",13.5912113815809,4,44,"Study2D0S210T1_f0.txt",5,36,15.3493547228842
"758",10.2588343739216,4,30,"Study2D0S210T2_f0.txt",5,36,15.3493547228842
"759",9.68387945051409,4,28,"Study2D0S210T3_f0.txt",5,36,15.3493547228842
"760",NA,NA,NA,"Study2D0S210T4_f0.txt",5,36,15.3493547228842
"761",9.76437745393869,3,36,"Study2D0S210T5_f0.txt",5,36,15.3493547228842
"762",16.4819818941977,4,25,"Study2D0S210T6_f0.txt",5,36,15.3493547228842
"763",16.1820266251258,4,32,"Study2D0S210T7_f0.txt",5,36,15.3493547228842
"764",14.3276794462678,4,32,"Study2D0S210T8_f0.txt",5,36,15.3493547228842
"765",25.1992616736701,3,35,"Study2D0S211T1_f0.txt",5,36,15.3493547228842
"766",58.5994706913388,4,49,"Study2D0S211T2_f0.txt",5,36,15.3493547228842
"767",39.012211339675,3,49,"Study2D0S211T3_f0.txt",5,36,15.3493547228842
"768",101.434466321735,5,44,"Study2D0S211T4_f0.txt",5,36,15.3493547228842
"769",25.5760303787295,3,46,"Study2D0S211T5_f0.txt",5,36,15.3493547228842
"770",27.1688137836316,3,36,"Study2D0S211T6_f0.txt",5,36,15.3493547228842
"771",12.3400502281681,3,48,"Study2D0S211T7_f0.txt",5,36,15.3493547228842
"772",5.92749974758908,2,38,"Study2D0S211T8_f0.txt",5,36,15.3493547228842
"773",NA,NA,NA,"Study2D0S212T1_f0.txt",5,36,15.3493547228842
"774",16.7139406305157,4,49,"Study2D0S212T2_f0.txt",5,36,15.3493547228842
"775",9.85846629825617,7,18,"Study2D0S212T3_f0.txt",5,36,15.3493547228842
"776",13.138362650306,8,32,"Study2D0S212T4_f0.txt",5,36,15.3493547228842
"777",10.084708621937,4,46,"Study2D0S212T5_f0.txt",5,36,15.3493547228842
"778",NA,NA,NA,"Study2D0S212T6_f0.txt",5,36,15.3493547228842
"779",NA,NA,NA,"Study2D0S212T7_f0.txt",5,36,15.3493547228842
"780",8.6821562268477,6,48,"Study2D0S212T8_f0.txt",5,36,15.3493547228842
"781",NA,NA,NA,"Study2D0S213T1_f0.txt",5,36,15.3493547228842
"782",NA,NA,NA,"Study2D0S213T2_f0.txt",5,36,15.3493547228842
"783",79.2211224746623,14,23,"Study2D0S213T3_f0.txt",5,36,15.3493547228842
"784",77.2827937848794,17,27,"Study2D0S213T4_f0.txt",5,36,15.3493547228842
"785",36.446349465961,9,26,"Study2D0S213T5_f0.txt",5,36,15.3493547228842
"786",20.2743407233988,4,9,"Study2D0S213T6_f0.txt",5,36,15.3493547228842
"787",4.33241031315423,3,44,"Study2D0S213T7_f0.txt",5,36,15.3493547228842
"788",NA,NA,NA,"Study2D0S213T8_f0.txt",5,36,15.3493547228842
"789",24.5636439004712,3,49,"Study2D0S214T1_f0.txt",5,36,15.3493547228842
"790",NA,NA,NA,"Study2D0S214T2_f0.txt",5,36,15.3493547228842
"791",209.571606958044,20,49,"Study2D0S214T3_f0.txt",5,36,15.3493547228842
"792",60.8429093555717,11,26,"Study2D0S214T4_f0.txt",5,36,15.3493547228842
"793",NA,NA,NA,"Study2D0S214T5_f0.txt",5,36,15.3493547228842
"794",23.2400319205906,3,48,"Study2D0S214T6_f0.txt",5,36,15.3493547228842
"795",NA,NA,NA,"Study2D0S214T7_f0.txt",5,36,15.3493547228842
"796",42.5770769763371,5,29,"Study2D0S214T8_f0.txt",5,36,15.3493547228842
"797",NA,NA,NA,"Study2D0S215T1_f0.txt",5,36,15.3493547228842
"798",8.1543741659882,7,45,"Study2D0S215T2_f0.txt",5,36,15.3493547228842
"799",NA,NA,NA,"Study2D0S215T3_f0.txt",5,36,15.3493547228842
"800",NA,NA,NA,"Study2D0S215T4_f0.txt",5,36,15.3493547228842
"801",10.2031281986395,5,48,"Study2D0S215T5_f0.txt",5,36,15.3493547228842
"802",3.27407112009467,3,45,"Study2D0S215T6_f0.txt",5,36,15.3493547228842
"803",8.47834708574622,5,38,"Study2D0S215T7_f0.txt",5,36,15.3493547228842
"804",NA,NA,NA,"Study2D0S215T8_f0.txt",5,36,15.3493547228842
"805",18.6101651151264,8,39,"Study2D0S216T1_f0.txt",5,36,15.3493547228842
"806",18.0128734021651,7,48,"Study2D0S216T2_f0.txt",5,36,15.3493547228842
"807",18.1691327578279,8,41,"Study2D0S216T3_f0.txt",5,36,15.3493547228842
"808",25.3430287088726,9,29,"Study2D0S216T4_f0.txt",5,36,15.3493547228842
"809",18.4256944909315,8,41,"Study2D0S216T5_f0.txt",5,36,15.3493547228842
"810",15.8261842827757,8,25,"Study2D0S216T6_f0.txt",5,36,15.3493547228842
"811",NA,NA,NA,"Study2D0S216T7_f0.txt",5,36,15.3493547228842
"812",16.4535603992945,7,23,"Study2D0S216T8_f0.txt",5,36,15.3493547228842
"813",60.1370039174096,18,43,"Study2D0S217T1_f0.txt",5,36,15.3493547228842
"814",NA,NA,NA,"Study2D0S217T2_f0.txt",5,36,15.3493547228842
"815",7.7250014634906,3,39,"Study2D0S217T3_f0.txt",5,36,15.3493547228842
"816",NA,NA,NA,"Study2D0S217T4_f0.txt",5,36,15.3493547228842
"817",79.7356773647827,18,49,"Study2D0S217T5_f0.txt",5,36,15.3493547228842
"818",15.3693355046912,4,35,"Study2D0S217T6_f0.txt",5,36,15.3493547228842
"819",10.3884255735144,3,36,"Study2D0S217T7_f0.txt",5,36,15.3493547228842
"820",7.76053361248507,3,49,"Study2D0S217T8_f0.txt",5,36,15.3493547228842
"821",4.56349737451394,4,49,"Study2D0S218T1_f0.txt",5,36,15.3493547228842
"822",20.0847947336788,10,49,"Study2D0S218T2_f0.txt",5,36,15.3493547228842
"823",11.4773450057765,8,39,"Study2D0S218T3_f0.txt",5,36,15.3493547228842
"824",7.58760836109137,4,25,"Study2D0S218T4_f0.txt",5,36,15.3493547228842
"825",10.9460253527425,6,16,"Study2D0S218T5_f0.txt",5,36,15.3493547228842
"826",NA,NA,NA,"Study2D0S218T6_f0.txt",5,36,15.3493547228842
"827",13.1533304076401,5,38,"Study2D0S218T7_f0.txt",5,36,15.3493547228842
"828",9.08772105450988,5,49,"Study2D0S218T8_f0.txt",5,36,15.3493547228842
"829",11.4809611672889,5,16,"Study2D0S219T1_f0.txt",5,36,15.3493547228842
"830",2.72234920191258,4,47,"Study2D0S219T2_f0.txt",5,36,15.3493547228842
"831",10.7149376841844,5,31,"Study2D0S219T3_f0.txt",5,36,15.3493547228842
"832",NA,NA,NA,"Study2D0S219T4_f0.txt",5,36,15.3493547228842
"833",NA,NA,NA,"Study2D0S219T5_f0.txt",5,36,15.3493547228842
"834",8.05740474778369,7,47,"Study2D0S219T6_f0.txt",5,36,15.3493547228842
"835",6.86283940165649,4,42,"Study2D0S219T7_f0.txt",5,36,15.3493547228842
"836",NA,NA,NA,"Study2D0S219T8_f0.txt",5,36,15.3493547228842
"837",21.3781057788623,3,33,"Study2D0S242T1_f0.txt",5,36,15.3493547228842
"838",NA,NA,NA,"Study2D0S242T2_f0.txt",5,36,15.3493547228842
"839",19.7783969903763,3,49,"Study2D0S242T3_f0.txt",5,36,15.3493547228842
"840",58.196757397382,9,26,"Study2D0S242T4_f0.txt",5,36,15.3493547228842
"841",18.376554668733,3,48,"Study2D0S242T5_f0.txt",5,36,15.3493547228842
"842",32.7151391571495,3,37,"Study2D0S242T6_f0.txt",5,36,15.3493547228842
"843",26.5496610844221,3,31,"Study2D0S242T7_f0.txt",5,36,15.3493547228842
"844",25.0531297924956,3,34,"Study2D0S242T8_f0.txt",5,36,15.3493547228842
"845",21.6931346614681,9,41,"Study2D0S246T1_f0.txt",5,36,15.3493547228842
"846",10.7418351160399,3,49,"Study2D0S246T2_f0.txt",5,36,15.3493547228842
"847",24.2297868663326,9,46,"Study2D0S246T3_f0.txt",5,36,15.3493547228842
"848",9.98540628965613,3,49,"Study2D0S246T4_f0.txt",5,36,15.3493547228842
"849",14.4104442895861,5,36,"Study2D0S246T5_f0.txt",5,36,15.3493547228842
"850",8.72186137858311,3,49,"Study2D0S246T6_f0.txt",5,36,15.3493547228842
"851",12.2897131193702,4,49,"Study2D0S246T7_f0.txt",5,36,15.3493547228842
"852",8.72827707125206,3,46,"Study2D0S246T8_f0.txt",5,36,15.3493547228842
"853",59.6664329065931,10,47,"Study2D0S247T1_f0.txt",5,36,15.3493547228842
"854",21.2474440625758,4,34,"Study2D0S247T2_f0.txt",5,36,15.3493547228842
"855",154.168016722973,17,28,"Study2D0S247T3_f0.txt",5,36,15.3493547228842
"856",17.9644225927065,3,36,"Study2D0S247T4_f0.txt",5,36,15.3493547228842
"857",37.2514429655677,6,26,"Study2D0S247T5_f0.txt",5,36,15.3493547228842
"858",108.552705367008,12,48,"Study2D0S247T6_f0.txt",5,36,15.3493547228842
"859",NA,NA,NA,"Study2D0S247T7_f0.txt",5,36,15.3493547228842
"860",NA,NA,NA,"Study2D0S247T8_f0.txt",5,36,15.3493547228842
"861",12.112656631253,6,17,"Study2D0S248T1_f0.txt",5,36,15.3493547228842
"862",17.1805564534957,8,17,"Study2D0S248T2_f0.txt",5,36,15.3493547228842
"863",4.18523189757751,3,15,"Study2D0S248T3_f0.txt",5,36,15.3493547228842
"864",NA,NA,NA,"Study2D0S248T4_f0.txt",5,36,15.3493547228842
"865",17.259362276842,8,30,"Study2D0S248T5_f0.txt",5,36,15.3493547228842
"866",11.7396381162814,5,21,"Study2D0S248T6_f0.txt",5,36,15.3493547228842
"867",8.67397440605409,6,45,"Study2D0S248T7_f0.txt",5,36,15.3493547228842
"868",8.9122918098253,4,34,"Study2D0S248T8_f0.txt",5,36,15.3493547228842
"869",NA,NA,NA,"Study2D1S201T1_f0.txt",5,36,15.3493547228842
"870",NA,NA,NA,"Study2D1S201T2_f0.txt",5,36,15.3493547228842
"871",NA,NA,NA,"Study2D1S201T3_f0.txt",5,36,15.3493547228842
"872",3.89178258218537,2,33,"Study2D1S201T4_f0.txt",5,36,15.3493547228842
"873",NA,NA,NA,"Study2D1S201T5_f0.txt",5,36,15.3493547228842
"874",3.40023143291495,4,25,"Study2D1S201T6_f0.txt",5,36,15.3493547228842
"875",11.0234300579385,7,49,"Study2D1S201T7_f0.txt",5,36,15.3493547228842
"876",NA,NA,NA,"Study2D1S201T8_f0.txt",5,36,15.3493547228842
"877",NA,NA,NA,"Study2D1S202T1_f0.txt",5,36,15.3493547228842
"878",9.90202113889612,3,38,"Study2D1S202T2_f0.txt",5,36,15.3493547228842
"879",NA,NA,NA,"Study2D1S202T3_f0.txt",5,36,15.3493547228842
"880",23.3549976009392,14,32,"Study2D1S202T4_f0.txt",5,36,15.3493547228842
"881",27.6582102266845,9,17,"Study2D1S202T5_f0.txt",5,36,15.3493547228842
"882",6.69471594670751,7,49,"Study2D1S202T6_f0.txt",5,36,15.3493547228842
"883",16.2523951580948,8,17,"Study2D1S202T7_f0.txt",5,36,15.3493547228842
"884",5.74357539360634,4,49,"Study2D1S202T8_f0.txt",5,36,15.3493547228842
"885",16.0793878958147,4,49,"Study2D1S203T1_f0.txt",5,36,15.3493547228842
"886",20.3506810612775,5,42,"Study2D1S203T2_f0.txt",5,36,15.3493547228842
"887",28.4876307126749,10,18,"Study2D1S203T3_f0.txt",5,36,15.3493547228842
"888",17.0175956619303,4,45,"Study2D1S203T4_f0.txt",5,36,15.3493547228842
"889",17.430700582521,3,43,"Study2D1S203T5_f0.txt",5,36,15.3493547228842
"890",19.1638002705212,3,38,"Study2D1S203T6_f0.txt",5,36,15.3493547228842
"891",22.2868969436908,5,41,"Study2D1S203T7_f0.txt",5,36,15.3493547228842
"892",16.6872696325892,5,40,"Study2D1S203T8_f0.txt",5,36,15.3493547228842
"893",15.8917077899188,4,44,"Study2D1S204T1_f0.txt",5,36,15.3493547228842
"894",NA,NA,NA,"Study2D1S204T2_f0.txt",5,36,15.3493547228842
"895",17.7224403920148,4,27,"Study2D1S204T3_f0.txt",5,36,15.3493547228842
"896",22.4097104166632,3,49,"Study2D1S204T4_f0.txt",5,36,15.3493547228842
"897",17.478669042207,4,44,"Study2D1S204T5_f0.txt",5,36,15.3493547228842
"898",NA,NA,NA,"Study2D1S204T6_f0.txt",5,36,15.3493547228842
"899",19.7787562873026,4,48,"Study2D1S204T7_f0.txt",5,36,15.3493547228842
"900",12.2724786561234,3,30,"Study2D1S204T8_f0.txt",5,36,15.3493547228842
"901",NA,NA,NA,"Study2D1S205T1_f0.txt",5,36,15.3493547228842
"902",NA,NA,NA,"Study2D1S205T2_f0.txt",5,36,15.3493547228842
"903",NA,NA,NA,"Study2D1S205T3_f0.txt",5,36,15.3493547228842
"904",NA,NA,NA,"Study2D1S205T4_f0.txt",5,36,15.3493547228842
"905",NA,NA,NA,"Study2D1S205T5_f0.txt",5,36,15.3493547228842
"906",8.17263959976895,3,48,"Study2D1S205T6_f0.txt",5,36,15.3493547228842
"907",NA,NA,NA,"Study2D1S205T7_f0.txt",5,36,15.3493547228842
"908",NA,NA,NA,"Study2D1S205T8_f0.txt",5,36,15.3493547228842
"909",10.0200948735842,4,45,"Study2D1S206T1_f0.txt",5,36,15.3493547228842
"910",20.6774748281606,14,14,"Study2D1S206T2_f0.txt",5,36,15.3493547228842
"911",6.2380811411944,4,34,"Study2D1S206T3_f0.txt",5,36,15.3493547228842
"912",7.45011870975068,4,36,"Study2D1S206T4_f0.txt",5,36,15.3493547228842
"913",7.11136038999544,4,49,"Study2D1S206T5_f0.txt",5,36,15.3493547228842
"914",7.66795962956026,4,48,"Study2D1S206T6_f0.txt",5,36,15.3493547228842
"915",8.19165550749825,4,48,"Study2D1S206T7_f0.txt",5,36,15.3493547228842
"916",4.69879965163491,4,48,"Study2D1S206T8_f0.txt",5,36,15.3493547228842
"917",7.17514173372552,7,34,"Study2D1S207T1_f0.txt",5,36,15.3493547228842
"918",6.46664966323725,6,44,"Study2D1S207T2_f0.txt",5,36,15.3493547228842
"919",NA,NA,NA,"Study2D1S207T3_f0.txt",5,36,15.3493547228842
"920",10.3843066988836,8,49,"Study2D1S207T4_f0.txt",5,36,15.3493547228842
"921",6.00564121233815,4,49,"Study2D1S207T5_f0.txt",5,36,15.3493547228842
"922",12.0514108888898,4,43,"Study2D1S207T6_f0.txt",5,36,15.3493547228842
"923",NA,NA,NA,"Study2D1S207T7_f0.txt",5,36,15.3493547228842
"924",NA,NA,NA,"Study2D1S207T8_f0.txt",5,36,15.3493547228842
"925",23.0643430363567,9,35,"Study2D1S208T1_f0.txt",5,36,15.3493547228842
"926",NA,NA,NA,"Study2D1S208T2_f0.txt",5,36,15.3493547228842
"927",7.8302153546347,5,10,"Study2D1S208T3_f0.txt",5,36,15.3493547228842
"928",12.2960942926722,4,45,"Study2D1S208T4_f0.txt",5,36,15.3493547228842
"929",27.0614617310411,8,22,"Study2D1S208T5_f0.txt",5,36,15.3493547228842
"930",25.6397379154472,10,27,"Study2D1S208T6_f0.txt",5,36,15.3493547228842
"931",18.3800302844143,5,47,"Study2D1S208T7_f0.txt",5,36,15.3493547228842
"932",NA,NA,NA,"Study2D1S208T8_f0.txt",5,36,15.3493547228842
"933",11.0504762246588,4,13,"Study2D1S209T1_f0.txt",5,36,15.3493547228842
"934",11.0900341723975,3,47,"Study2D1S209T2_f0.txt",5,36,15.3493547228842
"935",6.07212371113641,3,28,"Study2D1S209T3_f0.txt",5,36,15.3493547228842
"936",21.4232555935034,8,21,"Study2D1S209T4_f0.txt",5,36,15.3493547228842
"937",9.71546389151313,4,25,"Study2D1S209T5_f0.txt",5,36,15.3493547228842
"938",14.5126431893593,4,29,"Study2D1S209T6_f0.txt",5,36,15.3493547228842
"939",16.5102193927487,7,46,"Study2D1S209T7_f0.txt",5,36,15.3493547228842
"940",11.7132251160592,4,48,"Study2D1S209T8_f0.txt",5,36,15.3493547228842
"941",NA,NA,NA,"Study2D1S210T1_f0.txt",5,36,15.3493547228842
"942",8.47367222428803,4,49,"Study2D1S210T2_f0.txt",5,36,15.3493547228842
"943",10.64335413997,7,27,"Study2D1S210T3_f0.txt",5,36,15.3493547228842
"944",4.57648162015554,3,18,"Study2D1S210T4_f0.txt",5,36,15.3493547228842
"945",6.88612697796679,4,43,"Study2D1S210T5_f0.txt",5,36,15.3493547228842
"946",4.49115832607675,4,25,"Study2D1S210T6_f0.txt",5,36,15.3493547228842
"947",11.5177976553997,7,41,"Study2D1S210T7_f0.txt",5,36,15.3493547228842
"948",7.14390782664866,4,24,"Study2D1S210T8_f0.txt",5,36,15.3493547228842
"949",17.127269341769,5,17,"Study2D1S211T1_f0.txt",5,36,15.3493547228842
"950",49.3468214715571,9,40,"Study2D1S211T2_f0.txt",5,36,15.3493547228842
"951",3.38552227393917,2,12,"Study2D1S211T3_f0.txt",5,36,15.3493547228842
"952",36.6250441491342,8,42,"Study2D1S211T4_f0.txt",5,36,15.3493547228842
"953",41.5850394265066,9,32,"Study2D1S211T5_f0.txt",5,36,15.3493547228842
"954",20.428470948644,5,16,"Study2D1S211T6_f0.txt",5,36,15.3493547228842
"955",NA,NA,NA,"Study2D1S211T7_f0.txt",5,36,15.3493547228842
"956",9.8936950875343,4,12,"Study2D1S211T8_f0.txt",5,36,15.3493547228842
"957",9.69082275044601,5,18,"Study2D1S212T1_f0.txt",5,36,15.3493547228842
"958",NA,NA,NA,"Study2D1S212T2_f0.txt",5,36,15.3493547228842
"959",NA,NA,NA,"Study2D1S212T3_f0.txt",5,36,15.3493547228842
"960",5.25218184531531,3,38,"Study2D1S212T4_f0.txt",5,36,15.3493547228842
"961",NA,NA,NA,"Study2D1S212T5_f0.txt",5,36,15.3493547228842
"962",0.517014341198049,1,49,"Study2D1S212T6_f0.txt",5,36,15.3493547228842
"963",NA,NA,NA,"Study2D1S212T7_f0.txt",5,36,15.3493547228842
"964",5.76358739888431,5,29,"Study2D1S212T8_f0.txt",5,36,15.3493547228842
"965",10.2252290950937,4,32,"Study2D1S213T1_f0.txt",5,36,15.3493547228842
"966",15.0864152112411,6,28,"Study2D1S213T2_f0.txt",5,36,15.3493547228842
"967",17.2792303883309,8,44,"Study2D1S213T3_f0.txt",5,36,15.3493547228842
"968",11.1924062112152,5,21,"Study2D1S213T4_f0.txt",5,36,15.3493547228842
"969",15.0432608623447,7,21,"Study2D1S213T5_f0.txt",5,36,15.3493547228842
"970",10.2137361795776,4,39,"Study2D1S213T6_f0.txt",5,36,15.3493547228842
"971",17.1448611407088,8,49,"Study2D1S213T7_f0.txt",5,36,15.3493547228842
"972",17.2586061720404,8,25,"Study2D1S213T8_f0.txt",5,36,15.3493547228842
"973",NA,NA,NA,"Study2D1S214T1_f0.txt",5,36,15.3493547228842
"974",31.1055069294131,8,47,"Study2D1S214T2_f0.txt",5,36,15.3493547228842
"975",NA,NA,NA,"Study2D1S214T3_f0.txt",5,36,15.3493547228842
"976",12.6123757904626,4,24,"Study2D1S214T4_f0.txt",5,36,15.3493547228842
"977",19.5272492462623,4,45,"Study2D1S214T5_f0.txt",5,36,15.3493547228842
"978",34.1755717680459,3,49,"Study2D1S214T6_f0.txt",5,36,15.3493547228842
"979",30.0418046441137,10,37,"Study2D1S214T7_f0.txt",5,36,15.3493547228842
"980",7.33393842870174,3,19,"Study2D1S214T8_f0.txt",5,36,15.3493547228842
"981",NA,NA,NA,"Study2D1S215T1_f0.txt",5,36,15.3493547228842
"982",29.3956812998744,8,30,"Study2D1S215T2_f0.txt",5,36,15.3493547228842
"983",NA,NA,NA,"Study2D1S215T3_f0.txt",5,36,15.3493547228842
"984",NA,NA,NA,"Study2D1S215T4_f0.txt",5,36,15.3493547228842
"985",17.662152308224,4,17,"Study2D1S215T5_f0.txt",5,36,15.3493547228842
"986",NA,NA,NA,"Study2D1S215T6_f0.txt",5,36,15.3493547228842
"987",NA,NA,NA,"Study2D1S215T7_f0.txt",5,36,15.3493547228842
"988",NA,NA,NA,"Study2D1S215T8_f0.txt",5,36,15.3493547228842
"989",5.75087170480356,4,48,"Study2D1S216T1_f0.txt",5,36,15.3493547228842
"990",9.81281663404406,5,41,"Study2D1S216T2_f0.txt",5,36,15.3493547228842
"991",8.15126212012508,4,25,"Study2D1S216T3_f0.txt",5,36,15.3493547228842
"992",3.60943797932585,4,49,"Study2D1S216T4_f0.txt",5,36,15.3493547228842
"993",NA,NA,NA,"Study2D1S216T5_f0.txt",5,36,15.3493547228842
"994",NA,NA,NA,"Study2D1S216T6_f0.txt",5,36,15.3493547228842
"995",10.8820849429301,5,25,"Study2D1S216T7_f0.txt",5,36,15.3493547228842
"996",3.3989017528727,5,30,"Study2D1S216T8_f0.txt",5,36,15.3493547228842
"997",NA,NA,NA,"Study2D1S217T1_f0.txt",5,36,15.3493547228842
"998",NA,NA,NA,"Study2D1S217T2_f0.txt",5,36,15.3493547228842
"999",NA,NA,NA,"Study2D1S217T3_f0.txt",5,36,15.3493547228842
"1000",14.7979915340599,9,40,"Study2D1S217T4_f0.txt",5,36,15.3493547228842
"1001",NA,NA,NA,"Study2D1S217T5_f0.txt",5,36,15.3493547228842
"1002",9.29189490490472,7,32,"Study2D1S217T6_f0.txt",5,36,15.3493547228842
"1003",17.946011643568,7,21,"Study2D1S217T7_f0.txt",5,36,15.3493547228842
"1004",13.1813479975379,7,17,"Study2D1S217T8_f0.txt",5,36,15.3493547228842
"1005",7.62016079946964,6,39,"Study2D1S218T1_f0.txt",5,36,15.3493547228842
"1006",6.86076425352741,4,27,"Study2D1S218T2_f0.txt",5,36,15.3493547228842
"1007",NA,NA,NA,"Study2D1S218T3_f0.txt",5,36,15.3493547228842
"1008",7.17255780158047,4,43,"Study2D1S218T4_f0.txt",5,36,15.3493547228842
"1009",10.7361160262212,6,38,"Study2D1S218T5_f0.txt",5,36,15.3493547228842
"1010",10.687939408684,6,45,"Study2D1S218T6_f0.txt",5,36,15.3493547228842
"1011",17.2137256070108,8,48,"Study2D1S218T7_f0.txt",5,36,15.3493547228842
"1012",11.247205226813,4,19,"Study2D1S218T8_f0.txt",5,36,15.3493547228842
"1013",10.2206730791102,6,47,"Study2D1S219T1_f0.txt",5,36,15.3493547228842
"1014",14.6474220855687,8,31,"Study2D1S219T2_f0.txt",5,36,15.3493547228842
"1015",NA,NA,NA,"Study2D1S219T3_f0.txt",5,36,15.3493547228842
"1016",8.86700313464129,6,30,"Study2D1S219T4_f0.txt",5,36,15.3493547228842
"1017",8.6853703061618,4,16,"Study2D1S219T5_f0.txt",5,36,15.3493547228842
"1018",NA,NA,NA,"Study2D1S219T6_f0.txt",5,36,15.3493547228842
"1019",NA,NA,NA,"Study2D1S219T7_f0.txt",5,36,15.3493547228842
"1020",NA,NA,NA,"Study2D1S219T8_f0.txt",5,36,15.3493547228842
"1021",16.1659392205512,10,49,"Study2D1S245T1_f0.txt",5,36,15.3493547228842
"1022",21.4767100658467,7,30,"Study2D1S245T2_f0.txt",5,36,15.3493547228842
"1023",5.26666473355689,5,33,"Study2D1S245T3_f0.txt",5,36,15.3493547228842
"1024",32.6270863009288,8,26,"Study2D1S245T4_f0.txt",5,36,15.3493547228842
"1025",19.024143853594,7,47,"Study2D1S245T5_f0.txt",5,36,15.3493547228842
"1026",4.96685050394128,5,38,"Study2D1S245T6_f0.txt",5,36,15.3493547228842
"1027",11.3711612565324,5,25,"Study2D1S245T7_f0.txt",5,36,15.3493547228842
"1028",11.3525015769493,5,37,"Study2D1S245T8_f0.txt",5,36,15.3493547228842
"1029",12.0232360417542,6,31,"Study2D1S247T1_f0.txt",5,36,15.3493547228842
"1030",25.263599935634,8,31,"Study2D1S247T2_f0.txt",5,36,15.3493547228842
"1031",NA,NA,NA,"Study2D1S247T3_f0.txt",5,36,15.3493547228842
"1032",24.9194973330232,8,46,"Study2D1S247T4_f0.txt",5,36,15.3493547228842
"1033",36.8021252602924,9,34,"Study2D1S247T5_f0.txt",5,36,15.3493547228842
"1034",24.3186877316612,8,26,"Study2D1S247T6_f0.txt",5,36,15.3493547228842
"1035",22.4034376780632,7,43,"Study2D1S247T7_f0.txt",5,36,15.3493547228842
"1036",8.7975246674482,3,48,"Study2D1S248T1_f0.txt",5,36,15.3493547228842
"1037",10.2000358544482,3,47,"Study2D1S248T2_f0.txt",5,36,15.3493547228842
"1038",7.00981522554439,5,41,"Study2D1S248T3_f0.txt",5,36,15.3493547228842
"1039",10.0745794856356,3,49,"Study2D1S248T4_f0.txt",5,36,15.3493547228842
"1040",NA,NA,NA,"Study2D1S248T5_f0.txt",5,36,15.3493547228842
"1041",14.851478164907,11,26,"Study2D1S248T6_f0.txt",5,36,15.3493547228842
"1042",NA,NA,NA,"Study2D1S248T7_f0.txt",5,36,15.3493547228842
"1043",4.98274468634617,4,32,"Study2D1S248T8_f0.txt",5,36,15.3493547228842
"1044",9.05192235488936,5,43,"Study2D1S249T1_f0.txt",5,36,15.3493547228842
"1045",10.061028354372,4,47,"Study2D1S249T2_f0.txt",5,36,15.3493547228842
"1046",36.9246855031206,19,48,"Study2D1S249T3_f0.txt",5,36,15.3493547228842
"1047",17.713117701862,7,45,"Study2D1S249T4_f0.txt",5,36,15.3493547228842
"1048",8.52935419002518,6,18,"Study2D1S249T5_f0.txt",5,36,15.3493547228842
"1049",NA,NA,NA,"Study2D1S249T6_f0.txt",5,36,15.3493547228842
"1050",4.27706588873427,3,10,"Study2D1S249T7_f0.txt",5,36,15.3493547228842
"1051",NA,NA,NA,"Study4D0S401T1_f0.txt",5,36,15.3493547228842
"1052",NA,NA,NA,"Study4D0S401T2_f0.txt",5,36,15.3493547228842
"1053",14.8431538263504,4,18,"Study4D0S401T3_f0.txt",5,36,15.3493547228842
"1054",13.8529123766279,3,49,"Study4D0S401T4_f0.txt",5,36,15.3493547228842
"1055",22.3988890508797,3,37,"Study4D0S401T5_f0.txt",5,36,15.3493547228842
"1056",36.8189710346095,8,29,"Study4D0S401T6_f0.txt",5,36,15.3493547228842
"1057",32.6940728961078,6,45,"Study4D0S401T7_f0.txt",5,36,15.3493547228842
"1058",17.5522516130371,3,17,"Study4D0S401T8_f0.txt",5,36,15.3493547228842
"1059",22.9005271610823,6,42,"Study4D0S402T1_f0.txt",5,36,15.3493547228842
"1060",30.0478369568315,8,39,"Study4D0S402T2_f0.txt",5,36,15.3493547228842
"1061",NA,NA,NA,"Study4D0S402T3_f0.txt",5,36,15.3493547228842
"1062",16.7202137391935,5,37,"Study4D0S402T4_f0.txt",5,36,15.3493547228842
"1063",10.859951924749,4,42,"Study4D0S402T5_f0.txt",5,36,15.3493547228842
"1064",26.659504948215,7,47,"Study4D0S402T6_f0.txt",5,36,15.3493547228842
"1065",19.6789042818476,6,47,"Study4D0S402T7_f0.txt",5,36,15.3493547228842
"1066",3.91429615527257,2,30,"Study4D0S402T8_f0.txt",5,36,15.3493547228842
"1067",27.112883173716,3,35,"Study4D0S403T1_f0.txt",5,36,15.3493547228842
"1068",NA,NA,NA,"Study4D0S403T2_f0.txt",5,36,15.3493547228842
"1069",15.8525637272,5,21,"Study4D0S403T3_f0.txt",5,36,15.3493547228842
"1070",47.8935323924497,11,43,"Study4D0S403T4_f0.txt",5,36,15.3493547228842
"1071",24.5211377970656,4,48,"Study4D0S403T5_f0.txt",5,36,15.3493547228842
"1072",NA,NA,NA,"Study4D0S403T6_f0.txt",5,36,15.3493547228842
"1073",22.8207134746785,3,21,"Study4D0S403T7_f0.txt",5,36,15.3493547228842
"1074",16.3068108044507,3,48,"Study4D0S403T8_f0.txt",5,36,15.3493547228842
"1075",7.23462042178015,3,40,"Study4D0S404T1_f0.txt",5,36,15.3493547228842
"1076",21.2981911929313,4,48,"Study4D0S404T2_f0.txt",5,36,15.3493547228842
"1077",NA,NA,NA,"Study4D0S404T3_f0.txt",5,36,15.3493547228842
"1078",30.3045301428065,10,43,"Study4D0S404T4_f0.txt",5,36,15.3493547228842
"1079",NA,NA,NA,"Study4D0S404T5_f0.txt",5,36,15.3493547228842
"1080",12.0622255985492,8,43,"Study4D0S404T6_f0.txt",5,36,15.3493547228842
"1081",13.4287211441815,3,47,"Study4D0S404T7_f0.txt",5,36,15.3493547228842
"1082",18.5924122431376,7,40,"Study4D0S404T8_f0.txt",5,36,15.3493547228842
"1083",58.2511095908283,10,45,"Study4D0S406T1_f0.txt",5,36,15.3493547228842
"1084",84.5802454810878,10,49,"Study4D0S406T2_f0.txt",5,36,15.3493547228842
"1085",71.1401098141785,10,36,"Study4D0S406T3_f0.txt",5,36,15.3493547228842
"1086",39.7456234686856,6,37,"Study4D0S406T4_f0.txt",5,36,15.3493547228842
"1087",26.6091146731128,3,37,"Study4D0S406T5_f0.txt",5,36,15.3493547228842
"1088",28.5594554155788,6,49,"Study4D0S406T6_f0.txt",5,36,15.3493547228842
"1089",33.4363243949991,4,35,"Study4D0S406T7_f0.txt",5,36,15.3493547228842
"1090",6.18501377519528,3,9,"Study4D0S406T8_f0.txt",5,36,15.3493547228842
"1091",29.0304536202622,4,31,"Study4D0S407T1_f0.txt",5,36,15.3493547228842
"1092",31.9939420409696,5,35,"Study4D0S407T2_f0.txt",5,36,15.3493547228842
"1093",19.9152269769388,5,48,"Study4D0S407T3_f0.txt",5,36,15.3493547228842
"1094",33.0445993250112,5,48,"Study4D0S407T4_f0.txt",5,36,15.3493547228842
"1095",26.8466960591249,4,37,"Study4D0S407T5_f0.txt",5,36,15.3493547228842
"1096",9.17630644989341,3,30,"Study4D0S407T6_f0.txt",5,36,15.3493547228842
"1097",20.8281805514511,4,46,"Study4D0S407T7_f0.txt",5,36,15.3493547228842
"1098",21.1881090204496,5,41,"Study4D0S407T8_f0.txt",5,36,15.3493547228842
"1099",15.1039470410845,3,40,"Study4D0S414T1_f0.txt",5,36,15.3493547228842
"1100",NA,NA,NA,"Study4D0S414T2_f0.txt",5,36,15.3493547228842
"1101",13.5669913443406,4,44,"Study4D0S414T3_f0.txt",5,36,15.3493547228842
"1102",NA,NA,NA,"Study4D0S414T4_f0.txt",5,36,15.3493547228842
"1103",NA,NA,NA,"Study4D0S414T5_f0.txt",5,36,15.3493547228842
"1104",7.54798201153018,3,49,"Study4D0S414T6_f0.txt",5,36,15.3493547228842
"1105",41.5462548230331,7,48,"Study4D0S414T7_f0.txt",5,36,15.3493547228842
"1106",21.4101843709047,6,23,"Study4D0S414T8_f0.txt",5,36,15.3493547228842
"1107",14.634809991756,3,19,"Study4D0S415T1_f0.txt",5,36,15.3493547228842
"1108",NA,NA,NA,"Study4D0S415T2_f0.txt",5,36,15.3493547228842
"1109",NA,NA,NA,"Study4D0S415T3_f0.txt",5,36,15.3493547228842
"1110",23.0494892941449,3,24,"Study4D0S415T4_f0.txt",5,36,15.3493547228842
"1111",23.8367738695833,4,48,"Study4D0S415T5_f0.txt",5,36,15.3493547228842
"1112",47.1700893235081,12,31,"Study4D0S415T6_f0.txt",5,36,15.3493547228842
"1113",16.2330327388742,4,23,"Study4D0S415T7_f0.txt",5,36,15.3493547228842
"1114",NA,NA,NA,"Study4D0S415T8_f0.txt",5,36,15.3493547228842
"1115",41.0758583142691,8,46,"Study4D0S416T1_f0.txt",5,36,15.3493547228842
"1116",20.0354624693317,4,30,"Study4D0S416T2_f0.txt",5,36,15.3493547228842
"1117",23.9278965572254,6,41,"Study4D0S416T3_f0.txt",5,36,15.3493547228842
"1118",42.585932004877,9,49,"Study4D0S416T4_f0.txt",5,36,15.3493547228842
"1119",33.4638891069102,8,43,"Study4D0S416T5_f0.txt",5,36,15.3493547228842
"1120",7.96965743635733,3,45,"Study4D0S416T6_f0.txt",5,36,15.3493547228842
"1121",28.9101821606802,8,39,"Study4D0S416T7_f0.txt",5,36,15.3493547228842
"1122",17.4767590034361,6,32,"Study4D0S416T8_f0.txt",5,36,15.3493547228842
"1123",13.2087162936471,4,30,"Study4D0S417T1_f0.txt",5,36,15.3493547228842
"1124",22.3773397881298,8,46,"Study4D0S417T2_f0.txt",5,36,15.3493547228842
"1125",24.3984140552059,10,49,"Study4D0S417T3_f0.txt",5,36,15.3493547228842
"1126",9.78772495847026,2,31,"Study4D0S417T4_f0.txt",5,36,15.3493547228842
"1127",NA,NA,NA,"Study4D0S417T5_f0.txt",5,36,15.3493547228842
"1128",14.3799211602688,4,16,"Study4D0S417T6_f0.txt",5,36,15.3493547228842
"1129",NA,NA,NA,"Study4D0S417T7_f0.txt",5,36,15.3493547228842
"1130",5.70050407479077,3,48,"Study4D0S417T8_f0.txt",5,36,15.3493547228842
"1131",NA,NA,NA,"Study4D0S419T1_f0.txt",5,36,15.3493547228842
"1132",13.5514366875095,4,37,"Study4D0S419T2_f0.txt",5,36,15.3493547228842
"1133",31.9207205121476,12,49,"Study4D0S419T3_f0.txt",5,36,15.3493547228842
"1134",NA,NA,NA,"Study4D0S419T4_f0.txt",5,36,15.3493547228842
"1135",NA,NA,NA,"Study4D0S419T5_f0.txt",5,36,15.3493547228842
"1136",19.0525958145243,10,49,"Study4D0S419T6_f0.txt",5,36,15.3493547228842
"1137",12.4985601274073,4,45,"Study4D0S419T7_f0.txt",5,36,15.3493547228842
"1138",9.58672661856841,4,45,"Study4D0S419T8_f0.txt",5,36,15.3493547228842
"1139",28.9065380945809,6,27,"Study4D0S421T1_f0.txt",5,36,15.3493547228842
"1140",25.3716644038355,5,48,"Study4D0S421T2_f0.txt",5,36,15.3493547228842
"1141",16.2490768323995,4,33,"Study4D0S421T3_f0.txt",5,36,15.3493547228842
"1142",39.3263405905483,8,32,"Study4D0S421T4_f0.txt",5,36,15.3493547228842
"1143",17.353074489818,4,37,"Study4D0S421T5_f0.txt",5,36,15.3493547228842
"1144",20.7913274484678,5,48,"Study4D0S421T6_f0.txt",5,36,15.3493547228842
"1145",38.1393827316996,9,32,"Study4D0S421T7_f0.txt",5,36,15.3493547228842
"1146",16.611918728171,5,37,"Study4D0S421T8_f0.txt",5,36,15.3493547228842
"1147",21.1526954830669,5,47,"Study4D0S424T1_f0.txt",5,36,15.3493547228842
"1148",22.5272826408949,4,49,"Study4D0S424T2_f0.txt",5,36,15.3493547228842
"1149",19.5505574171325,6,40,"Study4D0S424T3_f0.txt",5,36,15.3493547228842
"1150",25.2997566537258,7,47,"Study4D0S424T4_f0.txt",5,36,15.3493547228842
"1151",37.0649510960991,6,37,"Study4D0S424T5_f0.txt",5,36,15.3493547228842
"1152",23.6588509609422,5,49,"Study4D0S424T6_f0.txt",5,36,15.3493547228842
"1153",28.781738638038,6,49,"Study4D0S424T7_f0.txt",5,36,15.3493547228842
"1154",15.4322091568057,4,30,"Study4D0S424T8_f0.txt",5,36,15.3493547228842
"1155",22.8327569646108,5,37,"Study4D0S440T1_f0.txt",5,36,15.3493547228842
"1156",52.1434572007726,10,40,"Study4D0S440T2_f0.txt",5,36,15.3493547228842
"1157",26.9161841861288,6,26,"Study4D0S440T3_f0.txt",5,36,15.3493547228842
"1158",23.1779427960808,5,48,"Study4D0S440T4_f0.txt",5,36,15.3493547228842
"1159",37.3769324590339,7,35,"Study4D0S440T5_f0.txt",5,36,15.3493547228842
"1160",36.6843001386899,9,19,"Study4D0S440T6_f0.txt",5,36,15.3493547228842
"1161",30.008363422737,4,47,"Study4D0S440T7_f0.txt",5,36,15.3493547228842
"1162",47.3050681140196,9,38,"Study4D0S440T8_f0.txt",5,36,15.3493547228842
"1163",24.0555541386271,7,43,"Study4D0S441T1_f0.txt",5,36,15.3493547228842
"1164",23.5371792386629,5,48,"Study4D0S441T2_f0.txt",5,36,15.3493547228842
"1165",18.5629912662528,4,35,"Study4D0S441T3_f0.txt",5,36,15.3493547228842
"1166",19.8455255084809,5,49,"Study4D0S441T4_f0.txt",5,36,15.3493547228842
"1167",40.0831733785566,7,31,"Study4D0S441T5_f0.txt",5,36,15.3493547228842
"1168",15.2545989564173,6,27,"Study4D0S441T6_f0.txt",5,36,15.3493547228842
"1169",14.8192128239767,4,16,"Study4D0S441T7_f0.txt",5,36,15.3493547228842
"1170",23.7182161162923,7,30,"Study4D0S441T8_f0.txt",5,36,15.3493547228842
"1171",11.0888707176674,3,49,"Study4D0S447T1_f0.txt",5,36,15.3493547228842
"1172",NA,NA,NA,"Study4D0S447T2_f0.txt",5,36,15.3493547228842
"1173",6.54688433630004,3,41,"Study4D0S447T3_f0.txt",5,36,15.3493547228842
"1174",12.6295461749233,4,36,"Study4D0S447T4_f0.txt",5,36,15.3493547228842
"1175",NA,NA,NA,"Study4D0S447T5_f0.txt",5,36,15.3493547228842
"1176",8.24256385003599,3,49,"Study4D0S447T6_f0.txt",5,36,15.3493547228842
"1177",10.4474084359227,4,40,"Study4D0S447T7_f0.txt",5,36,15.3493547228842
"1178",9.54673448104216,4,48,"Study4D0S447T8_f0.txt",5,36,15.3493547228842
"1179",20.390261408838,3,39,"Study4D1S402T1_f0.txt",5,36,15.3493547228842
"1180",24.8093978384502,3,46,"Study4D1S402T2_f0.txt",5,36,15.3493547228842
"1181",20.8428446149035,4,30,"Study4D1S402T3_f0.txt",5,36,15.3493547228842
"1182",20.6828055620603,3,26,"Study4D1S402T4_f0.txt",5,36,15.3493547228842
"1183",26.565130803006,4,48,"Study4D1S402T5_f0.txt",5,36,15.3493547228842
"1184",32.8670243235011,8,24,"Study4D1S402T6_f0.txt",5,36,15.3493547228842
"1185",23.7926382676808,7,39,"Study4D1S402T7_f0.txt",5,36,15.3493547228842
"1186",18.8858543250238,3,49,"Study4D1S402T8_f0.txt",5,36,15.3493547228842
"1187",18.3125579036804,3,41,"Study4D1S402T9_f0.txt",5,36,15.3493547228842
"1188",24.3214069668331,4,48,"Study4D1S403T1_f0.txt",5,36,15.3493547228842
"1189",11.3125509356894,4,12,"Study4D1S403T2_f0.txt",5,36,15.3493547228842
"1190",51.3230286530825,11,18,"Study4D1S403T3_f0.txt",5,36,15.3493547228842
"1191",23.6116196684581,6,49,"Study4D1S403T4_f0.txt",5,36,15.3493547228842
"1192",24.3663483179903,6,34,"Study4D1S403T5_f0.txt",5,36,15.3493547228842
"1193",20.9788396646868,5,28,"Study4D1S403T6_f0.txt",5,36,15.3493547228842
"1194",NA,NA,NA,"Study4D1S403T7_f0.txt",5,36,15.3493547228842
"1195",32.6313417259746,6,49,"Study4D1S403T8_f0.txt",5,36,15.3493547228842
"1196",15.3525063786973,6,33,"Study4D1S404T1_f0.txt",5,36,15.3493547228842
"1197",19.5543719249149,8,46,"Study4D1S404T2_f0.txt",5,36,15.3493547228842
"1198",28.5504512016448,11,28,"Study4D1S404T3_f0.txt",5,36,15.3493547228842
"1199",13.302271330926,6,49,"Study4D1S404T4_f0.txt",5,36,15.3493547228842
"1200",15.4649727982825,7,19,"Study4D1S404T5_f0.txt",5,36,15.3493547228842
"1201",15.8535966898278,7,26,"Study4D1S404T6_f0.txt",5,36,15.3493547228842
"1202",10.6201096119857,4,49,"Study4D1S404T7_f0.txt",5,36,15.3493547228842
"1203",15.4229192970921,9,25,"Study4D1S404T8_f0.txt",5,36,15.3493547228842
"1204",22.485303391484,10,16,"Study4D1S405T1_f0.txt",5,36,15.3493547228842
"1205",19.8254903333438,6,15,"Study4D1S405T2_f0.txt",5,36,15.3493547228842
"1206",8.74636974220228,3,11,"Study4D1S405T3_f0.txt",5,36,15.3493547228842
"1207",16.2657497892453,8,48,"Study4D1S405T4_f0.txt",5,36,15.3493547228842
"1208",22.3605284136784,8,21,"Study4D1S405T5_f0.txt",5,36,15.3493547228842
"1209",6.74699487452657,5,46,"Study4D1S405T6_f0.txt",5,36,15.3493547228842
"1210",18.1216325240577,6,29,"Study4D1S405T7_f0.txt",5,36,15.3493547228842
"1211",5.9629186440039,7,31,"Study4D1S405T8_f0.txt",5,36,15.3493547228842
"1212",NA,NA,NA,"Study4D1S406T1_f0.txt",5,36,15.3493547228842
"1213",17.3337285856513,3,49,"Study4D1S406T2_f0.txt",5,36,15.3493547228842
"1214",45.0168807913295,8,28,"Study4D1S406T3_f0.txt",5,36,15.3493547228842
"1215",NA,NA,NA,"Study4D1S406T4_f0.txt",5,36,15.3493547228842
"1216",NA,NA,NA,"Study4D1S406T5_f0.txt",5,36,15.3493547228842
"1217",6.11710819909602,2,40,"Study4D1S406T6_f0.txt",5,36,15.3493547228842
"1218",11.7283089051132,3,19,"Study4D1S406T7_f0.txt",5,36,15.3493547228842
"1219",NA,NA,NA,"Study4D1S406T8_f0.txt",5,36,15.3493547228842
"1220",31.0343535955758,5,30,"Study4D1S412T1_f0.txt",5,36,15.3493547228842
"1221",26.8167981710375,7,40,"Study4D1S412T2_f0.txt",5,36,15.3493547228842
"1222",16.0524125734501,6,46,"Study4D1S412T3_f0.txt",5,36,15.3493547228842
"1223",23.8322192178752,8,38,"Study4D1S412T4_f0.txt",5,36,15.3493547228842
"1224",40.386597347905,8,26,"Study4D1S412T5_f0.txt",5,36,15.3493547228842
"1225",8.74518635274945,4,42,"Study4D1S412T6_f0.txt",5,36,15.3493547228842
"1226",23.7626875489431,7,40,"Study4D1S412T7_f0.txt",5,36,15.3493547228842
"1227",14.5626619219337,5,30,"Study4D1S412T8_f0.txt",5,36,15.3493547228842
"1228",26.5391548481507,9,31,"Study4D1S413T1_f0.txt",5,36,15.3493547228842
"1229",NA,NA,NA,"Study4D1S413T2_f0.txt",5,36,15.3493547228842
"1230",6.19550119859897,3,37,"Study4D1S413T3_f0.txt",5,36,15.3493547228842
"1231",13.3663358926308,3,16,"Study4D1S413T4_f0.txt",5,36,15.3493547228842
"1232",26.9201713696674,9,27,"Study4D1S413T5_f0.txt",5,36,15.3493547228842
"1233",28.1164107445586,9,31,"Study4D1S413T6_f0.txt",5,36,15.3493547228842
"1234",NA,NA,NA,"Study4D1S413T7_f0.txt",5,36,15.3493547228842
"1235",NA,NA,NA,"Study4D1S413T8_f0.txt",5,36,15.3493547228842
"1236",14.6645880293523,3,47,"Study4D1S414T1_f0.txt",5,36,15.3493547228842
"1237",21.4932837844778,4,49,"Study4D1S414T2_f0.txt",5,36,15.3493547228842
"1238",23.6673980359993,4,35,"Study4D1S414T3_f0.txt",5,36,15.3493547228842
"1239",21.4976942219371,4,36,"Study4D1S414T4_f0.txt",5,36,15.3493547228842
"1240",21.8199709586406,4,49,"Study4D1S414T5_f0.txt",5,36,15.3493547228842
"1241",22.541616329355,4,47,"Study4D1S414T6_f0.txt",5,36,15.3493547228842
"1242",23.3978339898415,4,48,"Study4D1S414T7_f0.txt",5,36,15.3493547228842
"1243",24.420605159197,4,48,"Study4D1S414T8_f0.txt",5,36,15.3493547228842
"1244",2.93676874505777,5,29,"Study4D1S415T1_f0.txt",5,36,15.3493547228842
"1245",15.9321475814208,6,25,"Study4D1S415T2_f0.txt",5,36,15.3493547228842
"1246",NA,NA,NA,"Study4D1S415T3_f0.txt",5,36,15.3493547228842
"1247",7.45619272168392,6,29,"Study4D1S415T4_f0.txt",5,36,15.3493547228842
"1248",17.0559131798946,7,25,"Study4D1S415T5_f0.txt",5,36,15.3493547228842
"1249",NA,NA,NA,"Study4D1S415T6_f0.txt",5,36,15.3493547228842
"1250",4.84227392722135,5,45,"Study4D1S415T7_f0.txt",5,36,15.3493547228842
"1251",NA,NA,NA,"Study4D1S415T8_f0.txt",5,36,15.3493547228842
"1252",11.912468000992,5,16,"Study4D1S416T1_f0.txt",5,36,15.3493547228842
"1253",17.3094625565719,6,28,"Study4D1S416T2_f0.txt",5,36,15.3493547228842
"1254",11.7541364296514,5,35,"Study4D1S416T3_f0.txt",5,36,15.3493547228842
"1255",30.7228152615835,7,26,"Study4D1S416T4_f0.txt",5,36,15.3493547228842
"1256",36.9624255428699,8,34,"Study4D1S416T5_f0.txt",5,36,15.3493547228842
"1257",22.1568880680093,7,49,"Study4D1S416T6_f0.txt",5,36,15.3493547228842
"1258",28.6945757214337,9,30,"Study4D1S416T7_f0.txt",5,36,15.3493547228842
"1259",33.2230663975165,8,34,"Study4D1S416T8_f0.txt",5,36,15.3493547228842
"1260",23.6931316299332,6,42,"Study4D1S416T9_f0.txt",5,36,15.3493547228842
"1261",20.4233211750469,11,21,"Study4D1S417T1_f0.txt",5,36,15.3493547228842
"1262",10.0389111341408,10,44,"Study4D1S417T2_f0.txt",5,36,15.3493547228842
"1263",1.05296298511199,4,33,"Study4D1S417T3_f0.txt",5,36,15.3493547228842
"1264",NA,NA,NA,"Study4D1S417T4_f0.txt",5,36,15.3493547228842
"1265",11.2359684928355,10,40,"Study4D1S417T5_f0.txt",5,36,15.3493547228842
"1266",10.1710575563954,9,41,"Study4D1S417T6_f0.txt",5,36,15.3493547228842
"1267",2.11622029825806,6,26,"Study4D1S417T7_f0.txt",5,36,15.3493547228842
"1268",5.03430088034034,7,49,"Study4D1S417T8_f0.txt",5,36,15.3493547228842
"1269",3.43736749245175,5,18,"Study4D1S417T9_f0.txt",5,36,15.3493547228842
"1270",10.6549622125144,4,46,"Study4D1S418T1_f0.txt",5,36,15.3493547228842
"1271",22.3170460502822,9,34,"Study4D1S418T10_f0.txt",5,36,15.3493547228842
"1272",NA,NA,NA,"Study4D1S418T2_f0.txt",5,36,15.3493547228842
"1273",20.8028687715251,5,40,"Study4D1S418T3_f0.txt",5,36,15.3493547228842
"1274",3.01501268860835,2,25,"Study4D1S418T4_f0.txt",5,36,15.3493547228842
"1275",15.9584921013082,10,42,"Study4D1S418T5_f0.txt",5,36,15.3493547228842
"1276",15.5978960183746,9,34,"Study4D1S418T6_f0.txt",5,36,15.3493547228842
"1277",23.9440617050387,11,25,"Study4D1S418T7_f0.txt",5,36,15.3493547228842
"1278",24.5346023690348,9,48,"Study4D1S418T8_f0.txt",5,36,15.3493547228842
"1279",18.1843344171202,8,45,"Study4D1S418T9_f0.txt",5,36,15.3493547228842
"1280",NA,NA,NA,"Study4D1S419T1_f0.txt",5,36,15.3493547228842
"1281",NA,NA,NA,"Study4D1S419T2_f0.txt",5,36,15.3493547228842
"1282",NA,NA,NA,"Study4D1S419T3_f0.txt",5,36,15.3493547228842
"1283",NA,NA,NA,"Study4D1S419T4_f0.txt",5,36,15.3493547228842
"1284",20.48796898431,8,44,"Study4D1S419T5_f0.txt",5,36,15.3493547228842
"1285",14.393089363286,4,48,"Study4D1S419T6_f0.txt",5,36,15.3493547228842
"1286",19.598071688005,4,21,"Study4D1S419T7_f0.txt",5,36,15.3493547228842
"1287",12.5071255080474,4,30,"Study4D1S419T8_f0.txt",5,36,15.3493547228842
"1288",NA,NA,NA,"Study4D1S419T9_f0.txt",5,36,15.3493547228842
"1289",26.6524303133596,8,33,"Study4D1S420T1_f0.txt",5,36,15.3493547228842
"1290",25.7658452884454,9,33,"Study4D1S420T2_f0.txt",5,36,15.3493547228842
"1291",14.0928338387546,6,48,"Study4D1S420T3_f0.txt",5,36,15.3493547228842
"1292",9.77601467288351,4,37,"Study4D1S420T4_f0.txt",5,36,15.3493547228842
"1293",NA,NA,NA,"Study4D1S420T5_f0.txt",5,36,15.3493547228842
"1294",10.7338553413812,4,46,"Study4D1S420T6_f0.txt",5,36,15.3493547228842
"1295",26.3817698993051,8,47,"Study4D1S420T7_f0.txt",5,36,15.3493547228842
"1296",18.6158653192457,7,21,"Study4D1S420T8_f0.txt",5,36,15.3493547228842
"1297",22.1955118816563,7,49,"Study4D1S440T1_f0.txt",5,36,15.3493547228842
"1298",38.5436263162589,8,42,"Study4D1S440T2_f0.txt",5,36,15.3493547228842
"1299",14.8023049499451,5,47,"Study4D1S440T3_f0.txt",5,36,15.3493547228842
"1300",26.1517041035746,8,37,"Study4D1S440T4_f0.txt",5,36,15.3493547228842
"1301",19.3191238354469,7,44,"Study4D1S440T5_f0.txt",5,36,15.3493547228842
"1302",11.4373704383245,5,36,"Study4D1S440T6_f0.txt",5,36,15.3493547228842
"1303",29.3258744645944,6,43,"Study4D1S440T7_f0.txt",5,36,15.3493547228842
"1304",16.6937399826847,6,35,"Study4D1S440T8_f0.txt",5,36,15.3493547228842
"1305",29.697801743312,6,24,"Study4D1S441T1_f0.txt",5,36,15.3493547228842
"1306",27.3245566708549,4,36,"Study4D1S441T2_f0.txt",5,36,15.3493547228842
"1307",23.6225066950762,4,47,"Study4D1S441T3_f0.txt",5,36,15.3493547228842
"1308",30.5805170462586,7,45,"Study4D1S441T4_f0.txt",5,36,15.3493547228842
"1309",24.3929005653892,4,47,"Study4D1S441T5_f0.txt",5,36,15.3493547228842
"1310",32.862221552352,8,45,"Study4D1S441T6_f0.txt",5,36,15.3493547228842
"1311",25.6249410146297,4,44,"Study4D1S441T7_f0.txt",5,36,15.3493547228842
"1312",39.9443740072894,8,25,"Study4D1S441T8_f0.txt",5,36,15.3493547228842
"1313",9.17213052791224,4,37,"Study4D1S443T1_f0.txt",5,36,15.3493547228842
"1314",14.8562460944838,5,41,"Study4D1S443T2_f0.txt",5,36,15.3493547228842
"1315",11.9504693646038,7,11,"Study4D1S443T3_f0.txt",5,36,15.3493547228842
"1316",24.1376324820307,7,46,"Study4D1S443T4_f0.txt",5,36,15.3493547228842
"1317",13.8155184837045,5,27,"Study4D1S443T5_f0.txt",5,36,15.3493547228842
"1318",4.57901227181302,3,45,"Study4D1S443T6_f0.txt",5,36,15.3493547228842
"1319",9.26422785294749,5,22,"Study4D1S443T7_f0.txt",5,36,15.3493547228842
"1320",2.8470429856087,3,21,"Study4D1S443T8_f0.txt",5,36,15.3493547228842
"1321",5.30957569301624,3,41,"Study4D1S444T1_f0.txt",5,36,15.3493547228842
"1322",14.3056374569129,8,39,"Study4D1S444T2_f0.txt",5,36,15.3493547228842
"1323",19.0230931842302,9,31,"Study4D1S444T3_f0.txt",5,36,15.3493547228842
"1324",20.3045418708046,8,25,"Study4D1S444T4_f0.txt",5,36,15.3493547228842
"1325",16.1141925586414,8,45,"Study4D1S444T5_f0.txt",5,36,15.3493547228842
"1326",6.38315191861571,4,32,"Study4D1S444T6_f0.txt",5,36,15.3493547228842
"1327",21.5308042852635,10,27,"Study4D1S444T7_f0.txt",5,36,15.3493547228842
"1328",3.33262629903231,3,49,"Study4D1S444T8_f0.txt",5,36,15.3493547228842
"1329",17.2339515466002,4,16,"Study4D1S446T1_f0.txt",5,36,15.3493547228842
"1330",15.9265427540842,3,39,"Study4D1S446T2_f0.txt",5,36,15.3493547228842
"1331",42.431955455172,11,35,"Study4D1S446T3_f0.txt",5,36,15.3493547228842
"1332",18.2438674644363,4,31,"Study4D1S446T4_f0.txt",5,36,15.3493547228842
"1333",18.0886811870717,4,41,"Study4D1S446T5_f0.txt",5,36,15.3493547228842
"1334",17.0251232851914,4,42,"Study4D1S446T6_f0.txt",5,36,15.3493547228842
"1335",44.2118635408482,9,49,"Study4D1S446T7_f0.txt",5,36,15.3493547228842
"1336",19.2602203470075,4,43,"Study4D1S446T8_f0.txt",5,36,15.3493547228842
